data;horario;n_da_ocorrencia;tipo_de_ocorrencia;km;trecho;sentido;tipo_de_acidente;caminhao;ilesos;levemente_feridos;moderadamente_feridos;gravemente_feridos;mortos;3
06/03/2013;16:25:00;64;sem vítima;233,7;BR-393/RJ;Norte;Abalroamento Sentido Oposto;1;2;0;0;0;0;1
07/03/2013;23:28:00;92;com vítima;155,4;BR-393/RJ;Norte;Tombamento;1;0;1;0;0;0;1
07/03/2013;12:03:00;49;com vítima;168;BR-393/RJ;Norte;Colisão Traseira;1;2;1;0;0;0;1
07/03/2013;10:01:00;35;sem vítima;206;BR-393/RJ;Norte;Colisão Traseira;1;2;0;0;0;0;1
08/03/2013;18:12:00;75;com vítima;115;BR-393/RJ;Norte;Tombamento;1;0;1;0;0;0;1
08/03/2013;06:50:00;16;com vítima;246,34;BR-393/RJ;Sul;Capotamento;1;0;0;0;0;2;3
09/03/2013;04:39:00;10;com vítima;145,7;BR-393/RJ;Norte;Tombamento;1;0;1;0;0;0;1
10/03/2013;22:35:00;64;com vítima;124;BR-393/RJ;Sul;Colisão Transversal;1;1;0;0;1;0;2
10/03/2013;14:12:00;40;sem vítima;195,52;BR-393/RJ;Sul;Colisão Traseira;2;2;0;0;0;0;1
10/03/2013;06:03:00;13;com vítima;201,8;BR-393/RJ;Sul;Tombamento;1;0;1;0;0;0;1
11/03/2013;19:40:00;81;sem vítima;285;BR-393/RJ;Norte;Abalroamento Mesmo Sentido ;1;2;0;0;0;0;1
13/03/2013;19:43:00;90;sem vítima;123,6;BR-393/RJ;Norte;Choque - Defensa, barreira ou "submarino";1;1;0;0;0;0;1
13/03/2013;09:29:00;21;sem vítima;138,95;BR-393/RJ;Sul;Colisão Traseira;2;2;0;0;0;0;1
14/03/2013;15:34:00;90;sem vítima;205,3;BR-393/RJ;Norte;Colisão Traseira;1;2;0;0;0;0;1
15/03/2013;19:08:00;76;sem vítima;278,7;BR-393/RJ;Sul;Colisão Traseira;1;2;0;0;0;0;1
16/03/2013;06:05:00;14;sem vítima;155,51;BR-393/RJ;Norte;Choque - Talude;1;1;0;0;0;0;1
17/03/2013;15:12:00;46;com vítima;273,8;BR-393/RJ;Sul;Colisão Frontal;1;1;0;2;0;0;2
19/03/2013;19:46:00;58;sem vítima;286,1;BR-393/RJ;Norte;Engavetamento;1;4;0;0;0;0;1
20/03/2013;07:02:00;16;com vítima;147,2;BR-393/RJ;Sul;Tombamento;1;0;3;0;0;0;1
20/03/2013;11:47:00;35;com vítima;238,6;BR-393/RJ;Norte;Abalroamento Sentido Oposto;2;1;1;0;0;0;1
22/03/2013;09:50:00;27;sem vítima;110,24;BR-393/RJ;Norte;Saida de Pista;1;1;0;0;0;0;1
22/03/2013;19:54:00;87;com vítima;115,015;BR-393/RJ;Norte;Tombamento;1;0;2;0;0;0;1
22/03/2013;19:53:00;86;sem vítima;285,5;BR-393/RJ;Sul;Abalroamento Mesmo Sentido ;1;2;0;0;0;0;1
23/03/2013;16:01:00;49;com vítima;182,38;BR-393/RJ;Norte;Colisão Lateral;1;1;2;0;0;0;1
23/03/2013;15:14:00;45;sem vítima;266,6;BR-393/RJ;Norte;Colisão Traseira;1;2;0;0;0;0;1
23/03/2013;08:48:00;16;sem vítima;285,55;BR-393/RJ;Norte;Colisão Traseira;1;2;0;0;0;0;1
24/03/2013;06:35:00;13;sem vítima;219;BR-393/RJ;Norte;Abalroamento Mesmo Sentido ;2;2;0;0;0;0;1
26/03/2013;08:41:00;16;sem vítima;237,6;BR-393/RJ;Sul;Outros;1;1;0;0;0;0;1
27/03/2013;00:10:00;10;com vítima;155,48;BR-393/RJ;Norte;Tombamento;1;0;1;0;0;0;1
27/03/2013;13:32:00;51;com vítima;179,25;BR-393/RJ;Sul;Tombamento;1;1;1;0;0;0;1
27/03/2013;18:34:00;77;sem vítima;265,17;BR-393/RJ;Sul;Colisão Traseira;1;2;0;0;0;0;1
27/03/2013;22:05:00;97;com vítima;274,78;BR-393/RJ;Sul;Saida de Pista;1;0;1;0;0;0;1
28/03/2013;18:37:00;108;com vítima;171,59;BR-393/RJ;Sul;Colisão Transversal;1;1;1;0;0;0;1
28/03/2013;19:59:00;113;com vítima;208,14;BR-393/RJ;Sul;Abalroamento Sentido Oposto;2;0;2;0;0;0;1
28/03/2013;13:48:00;58;sem vítima;281,58;BR-393/RJ;Sul;Colisão Traseira;2;2;0;0;0;0;1
29/03/2013;10:49:00;51;com vítima;204,74;BR-393/RJ;Sul;Colisão Traseira;1;1;1;0;0;0;1
29/03/2013;17:55:00;99;sem vítima;243,69;BR-393/RJ;Sul;Saida de Pista;1;1;0;0;0;0;1
02/04/2013;18:13:00;97;sem vítima;125,67;BR-393/RJ;Sul;Colisão Traseira;2;2;0;0;0;0;1
02/04/2013;17:12:00;93;com vítima;128,64;BR-393/RJ;Sul;Outros;1;0;1;0;0;0;1
02/04/2013;07:40:00;21;sem vítima;285,3;BR-393/RJ;Sul;Abalroamento Mesmo Sentido ;1;2;0;0;0;0;1
03/04/2013;03:32:00;7;sem vítima;172,49;BR-393/RJ;Norte;Atropelamento de Animal;1;1;0;0;0;0;1
04/04/2013;18:53:00;79;sem vítima;285,5;BR-393/RJ;Sul;Abalroamento Mesmo Sentido ;1;2;0;0;0;0;1
05/04/2013;23:35:00;113;sem vítima;120,63;BR-393/RJ;Norte;Choque - Talude;1;3;0;0;0;0;1
05/04/2013;11:45:00;67;com vítima;174;BR-393/RJ;Norte;Colisão Lateral;2;0;2;0;0;0;1
05/04/2013;20:43:00;104;sem vítima;205,74;BR-393/RJ;Sul;Atropelamento de Animal;1;1;0;0;0;0;1
06/04/2013;15:02:00;67;sem vítima;171,5;BR-393/RJ;Norte;Abalroamento Mesmo Sentido ;1;2;0;0;0;0;1
06/04/2013;09:41:00;33;sem vítima;242,45;BR-393/RJ;Norte;Abalroamento Mesmo Sentido ;1;3;0;0;0;0;1
06/04/2013;11:40:00;55;sem vítima;258,68;BR-393/RJ;Norte;Colisão Lateral;1;2;0;0;0;0;1
07/04/2013;14:59:00;33;com vítima;128,63;BR-393/RJ;Sul;Tombamento;1;0;1;0;0;0;1
07/04/2013;22:13:00;53;sem vítima;157,45;BR-393/RJ;Norte;Tombamento;1;1;0;0;0;0;1
07/04/2013;16:16:00;38;sem vítima;195,05;BR-393/RJ;Sul;Colisão Lateral;1;2;0;0;0;0;1
09/04/2013;17:06:00;87;sem vítima;242,39;BR-393/RJ;Norte;Abalroamento Mesmo Sentido ;1;2;0;0;0;0;1
10/04/2013;08:16:00;20;com vítima;175,45;BR-393/RJ;Sul;Abalroamento Mesmo Sentido ;1;3;1;0;0;0;1
10/04/2013;12:10:00;52;com vítima;3;Alça Sul;Sul;Colisão Traseira;1;1;1;0;0;0;1
10/04/2013;13:12:00;53;com vítima;285,359;BR-393/RJ;Norte;Tombamento;1;0;1;0;0;0;1
11/04/2013;19:30:00;68;sem vítima;144,19;BR-393/RJ;Sul;Colisão Frontal;1;3;0;0;0;0;1
12/04/2013;18:23:00;70;com vítima;218,33;BR-393/RJ;Sul;Tombamento;1;0;0;1;0;0;2
13/04/2013;20:26:00;105;com vítima;215,22;BR-393/RJ;Sul;Saida de Pista;1;0;1;0;0;0;1
14/04/2013;16:44:00;50;com vítima;218,37;BR-393/RJ;Sul;Colisão Lateral;1;1;3;0;0;0;1
14/04/2013;14:45:00;47;sem vítima;230,8;BR-393/RJ;Sul;Saida de Pista;1;1;0;0;0;0;1
14/04/2013;19:25:00;57;com vítima;243,594;BR-393/RJ;Norte;Atropelamento - Funcionário;2;1;1;0;0;0;1
16/04/2013;06:57:00;14;sem vítima;177;BR-393/RJ;Norte;Colisão Traseira;2;3;0;0;0;0;1
16/04/2013;05:17:00;11;sem vítima;257,9;BR-393/RJ;Norte;Saida de Pista;1;1;0;0;0;0;1
18/04/2013;12:57:00;126;sem vítima;166,07;BR-393/RJ;Norte;Colisão Traseira;2;2;0;0;0;0;1
18/04/2013;15:26:00;141;com vítima;265,18;BR-393/RJ;Sul;Colisão Traseira;1;0;3;0;0;0;1
20/04/2013;10:03:00;28;sem vítima;266,08;BR-393/RJ;Norte;Tombamento;1;1;0;0;0;0;1
21/04/2013;11:06:00;50;sem vítima;128,64;BR-393/RJ;Sul;Tombamento;1;1;0;0;0;0;1
23/04/2013;22:19:00;68;com vítima;281;BR-393/RJ;Sul;Colisão Lateral;1;1;1;0;0;0;1
24/04/2013;15:31:00;50;sem vítima;154,9;BR-393/RJ;Sul;Engavetamento;2;4;0;0;0;0;1
25/04/2013;22:47:00;136;com vítima;171,35;BR-393/RJ;Norte;Capotamento;1;0;2;0;0;0;1
25/04/2013;05:51:00;13;sem vítima;265,15;BR-393/RJ;Norte;Colisão Traseira;1;2;0;0;0;0;1
26/04/2013;23:23:00;97;sem vítima;212,32;BR-393/RJ;Norte;Choque - Defensa, barreira ou "submarino";1;1;0;0;0;0;1
26/04/2013;17:15:00;83;sem vítima;274,22;BR-393/RJ;Sul;Choque - Defensa, barreira ou "submarino";1;1;0;0;0;0;1
27/04/2013;12:53:00;34;com vítima;113,85;BR-393/RJ;Norte;Tombamento;1;0;1;0;0;0;1
29/04/2013;11:03:00;75;sem vítima;125,8;BR-393/RJ;Sul;Colisão Traseira;1;5;0;0;0;0;1
29/04/2013;13:46:00;98;sem vítima;230,35;BR-393/RJ;Norte;Abalroamento Mesmo Sentido ;2;2;0;0;0;0;1
29/04/2013;15:42:00;104;sem vítima;283,9;BR-393/RJ;Norte;Colisão Traseira;1;2;0;0;0;0;1
30/04/2013;18:40:00;84;com vítima;274,08;BR-393/RJ;Sul;Tombamento;1;0;1;1;0;0;2
01/05/2013;08:00:00;12;sem vítima;281,9;BR-393/RJ;Sul;Abalroamento Mesmo Sentido ;2;2;0;0;0;0;1
01/05/2013;09:58:00;19;sem vítima;285;BR-393/RJ;Norte;Colisão Lateral;1;2;0;0;0;0;1
03/05/2013;20:26:00;90;com vítima;128,53;BR-393/RJ;Sul;Abalroamento Sentido Oposto;1;1;0;1;0;0;2
03/05/2013;17:37:00;79;sem vítima;236,6;BR-393/RJ;Norte;Colisão Traseira;1;2;0;0;0;0;1
04/05/2013;13:30:00;50;com vítima;124,59;BR-393/RJ;Sul;Abalroamento Mesmo Sentido ;1;1;1;0;0;0;1
04/05/2013;06:08:00;9;sem vítima;278,9;BR-393/RJ;Sul;Colisão Traseira;2;2;0;0;0;0;1
05/05/2013;21:43:00;66;com vítima;206,15;BR-393/RJ;Norte;Colisão Transversal;1;1;1;0;0;0;1
06/05/2013;04:44:00;13;com vítima;105,95;BR-393/RJ;Norte;Choque - Defensa, barreira ou "submarino";1;0;0;1;0;0;2
06/05/2013;08:36:00;22;sem vítima;195,05;BR-393/RJ;Sul;Colisão Traseira;1;2;0;0;0;0;1
06/05/2013;10:24:00;28;sem vítima;273,7;BR-393/RJ;Sul;Choque - Defensa, barreira ou "submarino";1;1;0;0;0;0;1
08/05/2013;10:11:00;25;com vítima;169,55;BR-393/RJ;Norte;Tombamento;1;0;1;0;0;0;1
08/05/2013;15:02:00;53;sem vítima;265,1;BR-393/RJ;Norte;Colisão Traseira;1;2;0;0;0;0;1
09/05/2013;06:25:00;11;com vítima;246,08;BR-393/RJ;Norte;Tombamento;1;0;1;0;0;0;1
11/05/2013;18:22:00;75;sem vítima;171,6;BR-393/RJ;Norte;Choque - Elemento de Drenagem;1;1;0;0;0;0;1
12/05/2013;21:13:00;58;com vítima;274,628;BR-393/RJ;Sul;Abalroamento Mesmo Sentido ;1;1;2;0;0;0;1
13/05/2013;17:32:00;56;com vítima;285,4;BR-393/RJ;Sul;Abalroamento Mesmo Sentido ;1;2;1;0;0;0;1
14/05/2013;02:33:00;12;com vítima;164,75;BR-393/RJ;Sul;Tombamento;1;0;1;0;0;0;1
15/05/2013;08:38:00;25;sem vítima;136;BR-393/RJ;Norte;Engavetamento;1;9;0;0;0;0;1
15/05/2013;06:59:00;18;com vítima;143,6;BR-393/RJ;Norte;Tombamento;1;0;0;1;0;0;2
15/05/2013;10:41:00;29;com vítima;211,8;BR-393/RJ;Sul;Engavetamento;2;1;1;2;0;0;2
16/05/2013;08:49:00;17;sem vítima;285,67;BR-393/RJ;Sul;Abalroamento Mesmo Sentido ;1;2;0;0;0;0;1
19/05/2013;19:54:00;56;sem vítima;171,53;BR-393/RJ;Sul;Saida de Pista;1;1;0;0;0;0;1
20/05/2013;11:09:00;40;sem vítima;242,84;BR-393/RJ;Sul;Saida de Pista;1;1;0;0;0;0;1
21/05/2013;13:01:00;42;com vítima;135,84;BR-393/RJ;Norte;Colisão Traseira;1;1;1;0;0;0;1
22/05/2013;09:05:00;27;com vítima;205,77;BR-393/RJ;Sul;Colisão Traseira;1;1;1;0;0;0;1
22/05/2013;17:26:00;57;com vítima;253,67;BR-393/RJ;Norte;Colisão Traseira;2;1;0;2;0;0;2
22/05/2013;07:18:00;22;com vítima;285,52;BR-393/RJ;Sul;Abalroamento Mesmo Sentido ;1;0;2;0;0;0;1
23/05/2013;08:02:00;14;com vítima;180,78;BR-393/RJ;Norte;Colisão Frontal;1;0;5;0;0;1;3
23/05/2013;11:10:00;20;sem vítima;241;BR-393/RJ;Sul;Engavetamento;1;5;0;0;0;0;1
26/05/2013;13:11:00;34;com vítima;274;BR-393/RJ;Sul;Abalroamento Mesmo Sentido ;1;3;1;0;0;0;1
27/05/2013;21:35:00;95;sem vítima;115,05;BR-393/RJ;Norte;Tombamento;1;1;0;0;0;0;1
28/05/2013;20:53:00;91;com vítima;128,498;BR-393/RJ;Sul;Colisão Lateral;3;0;3;0;0;0;1
28/05/2013;19:41:00;86;sem vítima;216,462;BR-393/RJ;Sul;Saida de Pista;1;1;0;0;0;0;1
30/05/2013;07:42:00;19;com vítima;195,05;BR-393/RJ;Norte;Colisão Traseira;1;4;1;0;0;0;1
30/05/2013;06:53:00;18;sem vítima;207,77;BR-393/RJ;Sul;Abalroamento Sentido Oposto;1;2;0;0;0;0;1
31/05/2013;22:27:00;71;sem vítima;248,42;BR-393/RJ;Norte;Saida de Pista;1;1;0;0;0;0;1
31/05/2013;17:05:00;54;sem vítima;286;BR-393/RJ;Sul;Abalroamento Mesmo Sentido ;1;2;0;0;0;0;1
01/06/2013;09:45:00;27;com vítima;128,61;BR-393/RJ;Sul;Tombamento;1;0;0;1;0;0;2
02/06/2013;20:45:00;63;sem vítima;171,41;BR-393/RJ;Sul;Tombamento;1;1;0;0;0;0;1
02/06/2013;18:38:00;56;com vítima;218,26;BR-393/RJ;Norte;Colisão Frontal;1;0;5;1;0;0;2
03/06/2013;18:13:00;52;sem vítima;242,49;BR-393/RJ;Norte;Saida de Pista;1;2;0;0;0;0;1
03/06/2013;22:57:00;71;sem vítima;284;BR-393/RJ;Norte;Colisão Traseira;1;2;0;0;0;0;1
05/06/2013;09:13:00;24;sem vítima;195;BR-393/RJ;Norte;Colisão Traseira;1;2;0;0;0;0;1
06/06/2013;07:28:00;13;sem vítima;285;BR-393/RJ;Sul;Colisão Traseira;1;2;0;0;0;0;1
06/06/2013;07:37:00;14;sem vítima;285,4;BR-393/RJ;Norte;Colisão Lateral;1;2;0;0;0;0;1
08/06/2013;15:19:00;54;com vítima;235;BR-393/RJ;Sul;Outros - Sequência;1;2;1;0;0;0;1
10/06/2013;07:32:00;22;com vítima;285;BR-393/RJ;Sul;Colisão Lateral;1;0;2;0;0;0;1
11/06/2013;12:53:00;51;com vítima;139,2;BR-393/RJ;Sul;Abalroamento Mesmo Sentido ;2;0;6;0;0;0;1
11/06/2013;17:46:00;62;sem vítima;283;BR-393/RJ;Norte;Colisão Traseira;1;2;0;0;0;0;1
12/06/2013;13:45:00;49;com vítima;147,1;BR-393/RJ;Norte;Outros - Sequência;2;1;1;0;0;0;1
12/06/2013;17:57:00;58;com vítima;238,747;BR-393/RJ;Norte;Colisão Transversal;1;0;2;0;0;0;1
15/06/2013;17:49:00;53;com vítima;242;BR-393/RJ;Sul;Atropelamento - Usuário;1;3;1;0;0;0;1
19/06/2013;11:36:00;45;com vítima;142,5;BR-393/RJ;Norte;Colisão Traseira;1;1;1;0;0;0;1
21/06/2013;15:05:00;43;com vítima;175,5;BR-393/RJ;Norte;Atropelamento - Andarilho;1;1;0;0;1;0;2
21/06/2013;09:45:00;25;sem vítima;185,64;BR-393/RJ;Norte;Saida de Pista;1;2;0;0;0;0;1
21/06/2013;13:51:00;37;sem vítima;195;BR-393/RJ;Norte;Colisão Traseira;2;2;0;0;0;0;1
22/06/2013;05:11:00;17;com vítima;136,514;BR-393/RJ;Norte;Tombamento;1;0;0;2;0;0;2
25/06/2013;22:46:00;63;com vítima;114,4;BR-393/RJ;Norte;Tombamento;1;0;0;2;0;0;2
25/06/2013;17:28:00;55;com vítima;143,6;BR-393/RJ;Norte;Tombamento;1;1;1;0;0;0;1
25/06/2013;08:05:00;18;sem vítima;265;BR-393/RJ;Sul;Abalroamento Mesmo Sentido ;2;2;0;0;0;0;1
27/06/2013;17:52:00;70;com vítima;284,92;BR-393/RJ;Norte;Colisão Traseira;1;1;2;0;0;0;1
30/06/2013;07:52:00;20;com vítima;178;BR-393/RJ;Norte;Engavetamento;3;2;1;0;0;0;1
01/07/2013;08:24:00;20;com vítima;157,29;BR-393/RJ;Sul;Tombamento;2;0;2;0;0;0;1
01/07/2013;19:24:00;64;com vítima;160,8;BR-393/RJ;Norte;Saida de Pista;1;3;1;0;0;0;1
01/07/2013;22:21:00;67;com vítima;256,21;BR-393/RJ;Norte;Colisão Transversal;1;1;4;0;0;0;1
02/07/2013;18:31:00;71;com vítima;171,49;BR-393/RJ;Norte;Colisão Traseira;1;2;1;0;0;0;1
04/07/2013;03:46:00;15;com vítima;103,794;BR-393/RJ;Sul;Capotamento;1;0;0;2;0;0;2
04/07/2013;01:47:00;11;com vítima;172,241;BR-393/RJ;Sul;Tombamento;1;0;1;0;0;0;1
05/07/2013;18:27:00;52;com vítima;103,085;BR-393/RJ;Norte;Outros - Sequência;1;1;1;1;1;0;2
05/07/2013;05:08:00;14;com vítima;217,57;BR-393/RJ;Sul;Tombamento;1;0;1;0;0;0;1
06/07/2013;07:34:00;18;sem vítima;119,205;BR-393/RJ;Sul;Colisão Traseira;1;3;0;0;0;0;1
06/07/2013;21:13:00;52;sem vítima;250,56;BR-393/RJ;Norte;Abalroamento Mesmo Sentido ;1;3;0;0;0;0;1
09/07/2013;16:27:00;52;com vítima;181,92;BR-393/RJ;Sul;Abalroamento Sentido Oposto;1;1;2;0;0;0;1
09/07/2013;20:42:00;61;sem vítima;254,97;BR-393/RJ;Norte;Colisão Lateral;2;2;0;0;0;0;1
09/07/2013;12:37:00;40;sem vítima;285,48;BR-393/RJ;Sul;Abalroamento Mesmo Sentido ;1;2;0;0;0;0;1
10/07/2013;01:11:00;10;sem vítima;202,67;BR-393/RJ;Sul;Atropelamento de Animal;1;1;0;0;0;0;1
10/07/2013;14:02:00;46;sem vítima;219;BR-393/RJ;Norte;Colisão Traseira;1;5;0;0;0;0;1
10/07/2013;14:21:00;47;com vítima;262,82;BR-393/RJ;Sul;Colisão Traseira;2;2;1;0;0;0;1
13/07/2013;13:41:00;46;com vítima;142,2;BR-393/RJ;Sul;Colisão Traseira;1;1;1;0;0;0;1
13/07/2013;01:47:00;11;com vítima;172,16;BR-393/RJ;Sul;Tombamento;1;0;1;1;0;0;2
15/07/2013;16:15:00;59;sem vítima;266,471;BR-393/RJ;Sul;Engavetamento;1;4;0;0;0;0;1
15/07/2013;09:22:00;23;sem vítima;285,55;BR-393/RJ;Sul;Colisão Traseira;1;2;0;0;0;0;1
17/07/2013;18:33:00;67;com vítima;168,773;BR-393/RJ;Sul;Colisão Lateral;1;1;1;0;0;0;1
18/07/2013;07:53:00;23;sem vítima;269,167;BR-393/RJ;Norte;Colisão Traseira;1;2;0;0;0;0;1
19/07/2013;23:51:00;88;sem vítima;128,55;BR-393/RJ;Sul;Saida de Pista;1;1;0;0;0;0;1
19/07/2013;15:41:00;67;com vítima;274,11;BR-393/RJ;Sul;Tombamento;1;0;1;0;0;0;1
20/07/2013;09:47:00;26;com vítima;155,45;BR-393/RJ;Norte;Tombamento;1;0;1;0;0;0;1
21/07/2013;16:30:00;61;com vítima;265,12;BR-393/RJ;Sul;Colisão Traseira;1;1;2;0;0;0;1
24/07/2013;16:31:00;60;com vítima;103,73;BR-393/RJ;Sul;Saida de Pista;1;0;3;0;0;0;1
24/07/2013;16:55:00;61;com vítima;171,37;BR-393/RJ;Norte;Saida de Pista;1;0;1;0;0;0;1
24/07/2013;19:03:00;68;com vítima;242,44;BR-393/RJ;Norte;Colisão Lateral;1;1;2;0;0;0;1
24/07/2013;09:42:00;27;sem vítima;265,1;BR-393/RJ;Norte;Colisão Traseira;1;2;0;0;0;0;1
24/07/2013;19:38:00;72;sem vítima;265,1;BR-393/RJ;Norte;Colisão Traseira;2;2;0;0;0;0;1
24/07/2013;14:55:00;55;sem vítima;268,04;BR-393/RJ;Norte;Colisão Traseira;2;2;0;0;0;0;1
24/07/2013;15:20:00;57;com vítima;284,53;BR-393/RJ;Norte;Colisão Traseira;2;2;0;0;0;1;3
25/07/2013;06:28:00;17;com vítima;157,34;BR-393/RJ;Norte;Tombamento;1;0;0;1;0;0;2
26/07/2013;21:34:00;75;sem vítima;178,29;BR-393/RJ;Norte;Saida de Pista;1;1;0;0;0;0;1
26/07/2013;19:41:00;71;com vítima;251,59;BR-393/RJ;Sul;Colisão Lateral;1;15;3;0;0;1;3
26/07/2013;16:32:00;60;com vítima;263,78;BR-393/RJ;Norte;Abalroamento Sentido Oposto;2;2;2;0;0;0;1
27/07/2013;06:04:00;14;com vítima;215,28;BR-393/RJ;Sul;Outros;1;2;1;0;0;0;1
29/07/2013;19:05:00;74;sem vítima;285,51;BR-393/RJ;Sul;Colisão Lateral;1;2;0;0;0;0;1
30/07/2013;16:14:00;77;com vítima;255,75;BR-393/RJ;Norte;Colisão Transversal;1;2;1;0;0;0;1
31/07/2013;00:02:00;1;com vítima;246,048;BR-393/RJ;Norte;Tombamento;3;0;3;0;0;0;1
31/07/2013;17:39:00;59;sem vítima;285;BR-393/RJ;Sul;Abalroamento Mesmo Sentido ;1;2;0;0;0;0;1
01/08/2013;23:20:00;75;com vítima;179,375;BR-393/RJ;Sul;Colisão Traseira;1;37;1;0;0;0;1
02/08/2013;13:11:00;47;sem vítima;117,21;BR-393/RJ;Norte;Colisão Traseira;1;2;0;0;0;0;1
02/08/2013;05:44:00;18;com vítima;158,16;BR-393/RJ;Sul;Colisão Traseira;1;1;3;0;0;0;1
02/08/2013;18:44:00;75;sem vítima;285,5;BR-393/RJ;Sul;Colisão Lateral;1;2;0;0;0;0;1
05/08/2013;17:34:00;52;com vítima;285,5;BR-393/RJ;Sul;Abalroamento Mesmo Sentido ;1;1;1;0;0;0;1
06/08/2013;15:41:00;43;com vítima;172,21;BR-393/RJ;Norte;Tombamento;1;0;1;0;0;0;1
06/08/2013;02:55:00;11;com vítima;215,227;BR-393/RJ;Sul;Tombamento;1;0;3;0;0;0;1
07/08/2013;13:08:00;52;com vítima;276,96;BR-393/RJ;Norte;Abalroamento Mesmo Sentido ;1;2;1;0;0;0;1
08/08/2013;10:30:00;32;sem vítima;286;BR-393/RJ;Norte;Colisão Traseira;1;2;0;0;0;0;1
09/08/2013;20:25:00;78;sem vítima;217,96;BR-393/RJ;Norte;Tombamento;1;1;0;0;0;0;1
09/08/2013;07:08:00;15;sem vítima;284,4;BR-393/RJ;Norte;Colisão Traseira;1;2;0;0;0;0;1
12/08/2013;06:10:00;20;sem vítima;217,49;BR-393/RJ;Norte;Saida de Pista;1;1;0;0;0;0;1
12/08/2013;11:35:00;47;sem vítima;285,475;BR-393/RJ;Norte;Colisão Transversal;1;2;0;0;0;0;1
13/08/2013;19:59:00;84;com vítima;285,45;BR-393/RJ;Sul;Abalroamento Mesmo Sentido ;1;1;1;0;0;0;1
13/08/2013;17:47:00;75;sem vítima;285,49;BR-393/RJ;Sul;Abalroamento Mesmo Sentido ;1;2;0;0;0;0;1
14/08/2013;08:06:00;25;com vítima;227,975;BR-393/RJ;Norte;Tombamento;1;0;1;0;0;0;1
15/08/2013;08:40:00;24;sem vítima;285,4;BR-393/RJ;Norte;Colisão Traseira;1;2;0;0;0;0;1
16/08/2013;17:44:00;60;com vítima;255,76;BR-393/RJ;Norte;Colisão Transversal;1;1;0;1;0;0;2
16/08/2013;21:51:00;72;com vítima;285,99;BR-393/RJ;Norte;Colisão Lateral;1;1;1;0;0;0;1
17/08/2013;09:44:00;22;sem vítima;107,638;BR-393/RJ;Norte;Colisão Traseira;2;2;0;0;0;0;1
17/08/2013;16:43:00;48;sem vítima;133,56;BR-393/RJ;Sul;Colisão Traseira;1;2;0;0;0;0;1
17/08/2013;16:40:00;47;com vítima;157,19;BR-393/RJ;Sul;Tombamento;1;0;1;0;0;0;1
20/08/2013;03:50:00;14;com vítima;201,356;BR-393/RJ;Norte;Saida de Pista;1;0;0;0;0;1;3
20/08/2013;13:39:00;49;com vítima;266,298;BR-393/RJ;Norte;Choque - Defensa, barreira ou "submarino";1;0;1;0;0;0;1
21/08/2013;16:22:00;58;com vítima;215,228;BR-393/RJ;Sul;Saida de Pista;1;0;1;0;0;0;1
21/08/2013;17:01:00;61;sem vítima;285,5;BR-393/RJ;Sul;Abalroamento Mesmo Sentido ;1;2;0;0;0;0;1
23/08/2013;07:39:00;17;com vítima;102,614;BR-393/RJ;Norte;Colisão Traseira;1;2;2;0;0;0;1
23/08/2013;11:51:00;45;com vítima;274,14;BR-393/RJ;Sul;Tombamento;1;0;1;0;0;0;1
23/08/2013;08:42:00;23;sem vítima;285,597;BR-393/RJ;Sul;Colisão Traseira;1;3;0;0;0;0;1
24/08/2013;21:13:00;62;sem vítima;103,69;BR-393/RJ;Sul;Colisão Traseira;1;3;0;0;0;0;1
24/08/2013;04:47:00;14;com vítima;281,87;BR-393/RJ;Sul;Saida de Pista;1;0;0;0;1;0;2
25/08/2013;09:58:00;27;sem vítima;135,47;BR-393/RJ;Norte;Colisão Traseira;1;3;0;0;0;0;1
26/08/2013;08:26:00;19;sem vítima;285,545;BR-393/RJ;Sul;Colisão Traseira;1;2;0;0;0;0;1
29/08/2013;16:54:00;60;com vítima;186,78;BR-393/RJ;Norte;Colisão Traseira;1;1;1;0;0;0;1
30/08/2013;08:38:00;20;com vítima;266;BR-393/RJ;Sul;Tombamento;1;1;1;0;0;0;1
31/08/2013;23:30:00;72;com vítima;157,252;BR-393/RJ;Norte;Capotamento;1;0;0;1;0;0;2
31/08/2013;19:47:00;58;sem vítima;285,5;BR-393/RJ;Norte;Colisão Lateral;1;2;0;0;0;0;1
01/09/2013;18:38:00;44;com vítima;267;BR-393/RJ;Norte;Colisão Lateral;1;1;2;0;0;0;1
01/09/2013;19:32:00;49;sem vítima;285,497;BR-393/RJ;Sul;Colisão Lateral;1;2;0;0;0;0;1
04/09/2013;21:19:00;62;com vítima;127,4;BR-393/RJ;Norte;Colisão Lateral;1;1;1;0;0;0;1
04/09/2013;10:38:00;32;com vítima;181,39;BR-393/RJ;Sul;Outros - Sequência;1;0;4;1;0;0;2
05/09/2013;07:24:00;18;sem vítima;147,193;BR-393/RJ;Sul;Colisão Traseira;2;5;0;0;0;0;1
05/09/2013;19:47:00;67;sem vítima;215,8;BR-393/RJ;Sul;Saida de Pista;1;1;0;0;0;0;1
05/09/2013;15:00:00;40;sem vítima;285,602;BR-393/RJ;Sul;Abalroamento Mesmo Sentido ;1;2;0;0;0;0;1