data;horario;n_da_ocorrencia;tipo_de_ocorrencia;km;trecho;sentido;tipo_de_acidente;caminhao;ilesos;levemente_feridos;moderadamente_feridos;gravemente_feridos;mortos;3
06/09/2013;16:45:00;60;com vítima;118,96;BR-393/RJ;Norte;Tombamento;1;0;1;0;0;0;1
06/09/2013;14:26:00;54;com vítima;285,51;BR-393/RJ;Sul;Abalroamento Mesmo Sentido ;1;1;1;0;0;0;1
07/09/2013;12:57:00;30;com vítima;102;BR-393/RJ;Sul;Colisão Traseira;1;2;1;0;0;0;1
07/09/2013;12:30:00;28;com vítima;269,274;BR-393/RJ;Norte;Colisão Transversal;1;1;0;1;0;0;2
09/09/2013;17:27:00;74;com vítima;123,365;BR-393/RJ;Sul;Colisão Traseira;1;6;1;0;0;0;1
09/09/2013;18:37:00;81;sem vítima;175;BR-393/RJ;Norte;Colisão Lateral;1;2;0;0;0;0;1
09/09/2013;07:54:00;20;sem vítima;284,507;BR-393/RJ;Sul;Colisão Traseira;1;2;0;0;0;0;1
10/09/2013;08:10:00;18;com vítima;124,425;BR-393/RJ;Norte;Tombamento;1;0;0;1;0;0;2
11/09/2013;14:45:00;54;com vítima;274,12;BR-393/RJ;Sul;Tombamento;1;0;1;0;0;0;1
13/09/2013;10:35:00;36;com vítima;162,88;BR-393/RJ;Norte;Colisão Traseira;1;2;1;0;0;0;1
13/09/2013;11:33:00;41;sem vítima;236,8;BR-393/RJ;Norte;Colisão Lateral;1;2;0;0;0;0;1
14/09/2013;01:39:00;13;sem vítima;255,72;BR-393/RJ;Norte;Colisão Lateral;1;3;0;0;0;0;1
16/09/2013;09:51:00;31;com vítima;170,65;BR-393/RJ;Norte;Outros - Sequência;1;1;1;3;1;0;2
18/09/2013;16:34:00;57;com vítima;121,357;BR-393/RJ;Norte;Tombamento;1;0;1;0;0;0;1
19/09/2013;04:11:00;13;com vítima;105,9;BR-393/RJ;Sul;Colisão Traseira;2;1;1;0;0;0;1
19/09/2013;18:58:00;67;sem vítima;171,685;BR-393/RJ;Sul;Colisão Transversal;2;3;0;0;0;0;1
19/09/2013;22:13:00;76;sem vítima;175,93;BR-393/RJ;Norte;Colisão Traseira;1;2;0;0;0;0;1
22/09/2013;08:09:00;24;sem vítima;125,85;BR-393/RJ;Norte;Colisão Traseira;2;2;0;0;0;0;1
23/09/2013;22:40:00;84;sem vítima;155,5;BR-393/RJ;Norte;Outros;1;2;0;0;0;0;1
23/09/2013;18:22:00;76;com vítima;265;BR-393/RJ;Sul;Colisão Traseira;1;2;1;0;0;0;1
23/09/2013;17:33:00;74;com vítima;266,5;BR-393/RJ;Norte;Outros - Sequência;3;0;5;1;0;0;2
25/09/2013;19:58:00;78;com vítima;267,528;BR-393/RJ;Sul;Colisão Lateral;1;1;0;0;1;0;2
25/09/2013;12:19:00;42;sem vítima;268,463;BR-393/RJ;Norte;Colisão Traseira;1;2;0;0;0;0;1
26/09/2013;05:47:00;15;com vítima;261,424;BR-393/RJ;Sul;Colisão Lateral;2;0;3;0;0;0;1
26/09/2013;11:08:00;31;com vítima;285,2;BR-393/RJ;Norte;Colisão Transversal;1;1;1;0;0;0;1
27/09/2013;16:47:00;68;com vítima;110,35;BR-393/RJ;Sul;Engavetamento;1;4;1;0;0;0;1
27/09/2013;22:05:00;97;com vítima;143,46;BR-393/RJ;Norte;Tombamento;1;0;1;0;0;0;1
27/09/2013;03:27:00;12;sem vítima;230,79;BR-393/RJ;Norte;Colisão Traseira;2;2;0;0;0;0;1
28/09/2013;12:27:00;43;com vítima;286;BR-393/RJ;Norte;Colisão Traseira;1;2;1;0;0;0;1
29/09/2013;13:57:00;41;com vítima;246,071;BR-393/RJ;Norte;Tombamento;1;0;1;0;1;0;2
30/09/2013;15:37:00;65;com vítima;200,88;BR-393/RJ;Norte;Abalroamento Mesmo Sentido ;1;0;1;0;2;0;2
30/09/2013;18:44:00;80;com vítima;2,66;Alça Sul;Sul;Atropelamento de Animal;1;0;1;0;0;0;1
01/10/2013;13:42:00;48;com vítima;176,53;BR-393/RJ;Norte;Colisão Traseira;2;2;2;0;0;0;1
01/10/2013;15:41:00;56;sem vítima;284,29;BR-393/RJ;Sul;Colisão Traseira;1;2;0;0;0;0;1
02/10/2013;14:09:00;53;sem vítima;128,115;BR-393/RJ;Sul;Choque - Talude;1;2;0;0;0;0;1
03/10/2013;15:36:00;55;sem vítima;212,423;BR-393/RJ;Norte;Colisão Lateral;1;6;0;0;0;0;1
03/10/2013;07:21:00;17;com vítima;214,952;BR-393/RJ;Sul;Colisão Lateral;1;0;2;0;0;0;1
03/10/2013;20:33:00;81;sem vítima;262,906;BR-393/RJ;Sul;Capotamento;1;2;0;0;0;0;1
04/10/2013;09:40:00;31;sem vítima;274,63;BR-393/RJ;Sul;Outros - Sequência;2;3;0;0;0;0;1
05/10/2013;16:11:00;53;com vítima;115,028;BR-393/RJ;Norte;Tombamento;1;0;0;1;0;0;2
06/10/2013;20:50:00;43;sem vítima;157,38;BR-393/RJ;Sul;Colisão Lateral;1;3;0;0;0;0;1
07/10/2013;09:46:00;39;sem vítima;285,504;BR-393/RJ;Sul;Abalroamento Mesmo Sentido ;1;2;0;0;0;0;1
09/10/2013;21:00:00;79;sem vítima;240,044;BR-393/RJ;Sul;Abalroamento Mesmo Sentido ;1;2;0;0;0;0;1
10/10/2013;13:26:00;51;com vítima;172,178;BR-393/RJ;Norte;Tombamento;1;0;1;0;0;0;1
10/10/2013;13:38:00;53;sem vítima;235,38;BR-393/RJ;Sul;Colisão Traseira;1;2;0;0;0;0;1
10/10/2013;13:29:00;52;com vítima;236,65;BR-393/RJ;Sul;Colisão Lateral;1;1;1;0;0;0;1
11/10/2013;17:20:00;54;sem vítima;195,05;BR-393/RJ;Sul;Colisão Traseira;1;2;0;0;0;0;1
14/10/2013;07:28:00;8;sem vítima;238,95;BR-393/RJ;Sul;Colisão Traseira;1;2;0;0;0;0;1
15/10/2013;19:22:00;71;sem vítima;115,068;BR-393/RJ;Norte;Saida de Pista;1;1;0;0;0;0;1
15/10/2013;18:25:00;67;sem vítima;128,528;BR-393/RJ;Sul;Colisão Lateral;2;2;0;0;0;0;1
15/10/2013;11:07:00;35;com vítima;191,833;BR-393/RJ;Sul;Outros - Sequência;1;3;1;0;0;0;1
16/10/2013;16:09:00;57;com vítima;218,35;BR-393/RJ;Norte;Colisão Frontal;2;0;0;0;1;1;3
16/10/2013;05:47:00;13;com vítima;274,107;BR-393/RJ;Norte;Colisão Traseira;1;1;1;0;0;0;1
17/10/2013;20:37:00;68;com vítima;260,075;BR-393/RJ;Norte;Tombamento;1;0;1;0;0;0;1
20/10/2013;13:00:00;39;sem vítima;232,06;BR-393/RJ;Norte;Outros - Sequência;2;3;0;0;0;0;1
20/10/2013;07:57:00;19;sem vítima;236,769;BR-393/RJ;Norte;Abalroamento Mesmo Sentido ;1;2;0;0;0;0;1
21/10/2013;10:25:00;30;com vítima;110,966;BR-393/RJ;Norte;Colisão Lateral;1;3;2;0;0;0;1
21/10/2013;21:59:00;63;com vítima;140,885;BR-393/RJ;Sul;Abalroamento Mesmo Sentido ;2;1;1;0;0;0;1
21/10/2013;12:46:00;35;com vítima;182,37;BR-393/RJ;Norte;Colisão Lateral;1;2;1;0;0;0;1
22/10/2013;21:40:00;79;com vítima;193,168;BR-393/RJ;Sul;Atropelamento de Animal;2;1;2;0;0;0;1
22/10/2013;07:43:00;18;sem vítima;281,62;BR-393/RJ;Sul;Tombamento;1;1;0;0;0;0;1
24/10/2013;05:59:00;5;sem vítima;186,264;BR-393/RJ;Norte;Atropelamento de Animal;1;1;0;0;0;0;1
24/10/2013;23:03:00;74;com vítima;274,05;BR-393/RJ;Norte;Outros - Sequência;2;0;2;0;0;0;1
24/10/2013;14:50:00;44;com vítima;284,26;BR-393/RJ;Norte;Engavetamento;1;8;1;0;0;0;1
24/10/2013;17:12:00;55;sem vítima;286,4;BR-393/RJ;Norte;Colisão Traseira;2;2;0;0;0;0;1
25/10/2013;20:48:00;62;sem vítima;125,7;BR-393/RJ;Norte;Colisão Traseira;1;3;0;0;0;0;1
25/10/2013;14:02:00;39;sem vítima;175,72;BR-393/RJ;Norte;Colisão Traseira;2;3;0;0;0;0;1
25/10/2013;00:42:00;1;com vítima;187,25;BR-393/RJ;Norte;Atropelamento de Animal;1;0;1;0;0;0;1
26/10/2013;22:20:00;56;sem vítima;118,957;BR-393/RJ;Sul;Saida de Pista;1;1;0;0;0;0;1
29/10/2013;07:11:00;14;com vítima;161,69;BR-393/RJ;Norte;Choque - Defensa, barreira ou "submarino";1;0;1;0;0;0;1
29/10/2013;19:43:00;64;com vítima;182,385;BR-393/RJ;Sul;Colisão Lateral;1;5;1;0;0;0;1
29/10/2013;05:38:00;11;com vítima;274,118;BR-393/RJ;Norte;Atropelamento - Ciclista;1;1;0;1;0;0;2
31/10/2013;22:23:00;63;com vítima;143,65;BR-393/RJ;Norte;Tombamento;1;0;1;0;0;0;1
31/10/2013;07:59:00;18;sem vítima;265,1;BR-393/RJ;Norte;Colisão Lateral;1;2;0;0;0;0;1
01/11/2013;07:01:00;23;sem vítima;255,85;BR-393/RJ;Norte;Colisão Traseira;2;3;0;0;0;0;1
01/11/2013;14:24:00;57;sem vítima;285,462;BR-393/RJ;Sul;Abalroamento Mesmo Sentido ;1;2;0;0;0;0;1
03/11/2013;16:49:00;35;sem vítima;172,18;BR-393/RJ;Norte;Tombamento;1;1;0;0;0;0;1
06/11/2013;10:41:00;22;com vítima;129,098;BR-393/RJ;Norte;Outros - Sequência;2;0;3;0;0;0;1
06/11/2013;11:00:00;23;sem vítima;177,7;BR-393/RJ;Norte;Choque - Outros;1;1;0;0;0;0;1
06/11/2013;15:55:00;38;com vítima;232,12;BR-393/RJ;Norte;Colisão Transversal;1;30;1;1;0;0;2
08/11/2013;17:26:00;64;sem vítima;265;BR-393/RJ;Sul;Colisão Traseira;1;2;0;0;0;0;1
08/11/2013;09:14:00;24;sem vítima;285;BR-393/RJ;Sul;Abalroamento Mesmo Sentido ;1;2;0;0;0;0;1
08/11/2013;14:35:00;55;sem vítima;285;BR-393/RJ;Norte;Colisão Lateral;1;2;0;0;0;0;1
08/11/2013;09:24:00;25;sem vítima;285,27;BR-393/RJ;Sul;Abalroamento Mesmo Sentido ;1;2;0;0;0;0;1
08/11/2013;09:39:00;27;sem vítima;285,285;BR-393/RJ;Sul;Abalroamento Mesmo Sentido ;1;2;0;0;0;0;1
10/11/2013;20:03:00;50;sem vítima;285,5;BR-393/RJ;Sul;Colisão Lateral;1;2;0;0;0;0;1
11/11/2013;16:54:00;39;sem vítima;229,966;BR-393/RJ;Norte;Colisão Traseira;1;2;0;0;0;0;1
12/11/2013;20:05:00;71;com vítima;239,912;BR-393/RJ;Sul;Colisão Traseira;1;2;1;0;0;0;1
12/11/2013;12:39:00;38;sem vítima;269;BR-393/RJ;Norte;Colisão Lateral;1;2;0;0;0;0;1
13/11/2013;17:46:00;62;sem vítima;285,52;BR-393/RJ;Sul;Abalroamento Mesmo Sentido ;1;2;0;0;0;0;1
14/11/2013;08:36:00;15;sem vítima;285;BR-393/RJ;Sul;Abalroamento Mesmo Sentido ;1;2;0;0;0;0;1
15/11/2013;11:31:00;26;sem vítima;125;BR-393/RJ;Norte;Colisão Traseira;1;6;0;0;0;0;1
15/11/2013;07:56:00;12;com vítima;149,223;BR-393/RJ;Sul;Outros - Sequência;1;5;5;0;0;0;1
15/11/2013;09:39:00;20;com vítima;286,39;BR-393/RJ;Norte;Colisão Traseira;1;1;2;0;0;0;1
16/11/2013;12:50:00;29;com vítima;274,148;BR-393/RJ;Norte;Outros - Sequência;1;0;8;0;0;0;1
18/11/2013;13:31:00;38;sem vítima;282,304;BR-393/RJ;Sul;Colisão Traseira;1;2;0;0;0;0;1
19/11/2013;20:46:00;68;com vítima;201,976;BR-393/RJ;Norte;Colisão Lateral;1;1;2;0;0;0;1
19/11/2013;17:43:00;53;com vítima;279;BR-393/RJ;Norte;Atropelamento - Ciclista;1;1;1;0;0;0;1
20/11/2013;13:40:00;27;sem vítima;177,6;BR-393/RJ;Sul;Colisão Traseira;1;2;0;0;0;0;1
20/11/2013;02:48:00;11;com vítima;246,169;BR-393/RJ;Sul;Colisão Frontal;2;0;1;1;1;0;2
20/11/2013;16:31:00;33;com vítima;274,076;BR-393/RJ;Norte;Tombamento;1;0;0;10;5;4;3
21/11/2013;20:15:00;67;com vítima;104,1;BR-393/RJ;Sul;Colisão Lateral;1;2;0;0;2;0;2
22/11/2013;19:01:00;65;sem vítima;181,5;BR-393/RJ;Norte;Abalroamento Sentido Oposto;2;2;0;0;0;0;1
23/11/2013;07:36:00;13;sem vítima;167,8;BR-393/RJ;Norte;Colisão Traseira;1;2;0;0;0;0;1
23/11/2013;03:25:00;6;com vítima;217,764;BR-393/RJ;Norte;Tombamento;1;0;3;0;0;0;1
23/11/2013;18:09:00;45;sem vítima;227,481;BR-393/RJ;Norte;Choque - Talude;1;1;0;0;0;0;1
25/11/2013;14:16:00;48;com vítima;229,765;BR-393/RJ;Norte;Abalroamento Sentido Oposto;1;1;2;0;0;1;3
26/11/2013;13:56:00;34;com vítima;183;BR-393/RJ;Norte;Colisão Traseira;2;1;1;0;0;0;1
27/11/2013;11:15:00;22;sem vítima;285,514;BR-393/RJ;Sul;Colisão Lateral;1;2;0;0;0;0;1
28/11/2013;17:45:00;70;sem vítima;283;BR-393/RJ;Norte;Engavetamento;1;3;0;0;0;0;1
29/11/2013;19:29:00;88;sem vítima;285;BR-393/RJ;Norte;Colisão Lateral;1;2;0;0;0;0;1
29/11/2013;22:01:00;100;sem vítima;285,5;BR-393/RJ;Sul;Colisão Lateral;1;2;0;0;0;0;1
29/11/2013;19:06:00;85;sem vítima;286,1;BR-393/RJ;Norte;Colisão Lateral;1;2;0;0;0;0;1
30/11/2013;15:38:00;44;com vítima;129,062;BR-393/RJ;Norte;Saida de Pista;1;0;2;0;0;0;1
03/12/2013;18:35:00;73;com vítima;201;BR-393/RJ;Norte;Outros - Sequência;3;0;2;0;1;0;2
03/12/2013;18:02:00;71;sem vítima;285;BR-393/RJ;Sul;Outros - Sequência;1;3;0;0;0;0;1
04/12/2013;16:48:00;64;sem vítima;182;BR-393/RJ;Norte;Colisão Lateral;1;2;0;0;0;0;1
05/12/2013;15:35:00;46;com vítima;124,561;BR-393/RJ;Norte;Colisão Lateral;2;1;1;0;0;0;1
06/12/2013;08:18:00;20;com vítima;157,255;BR-393/RJ;Sul;Tombamento;1;0;2;0;0;0;1
07/12/2013;09:40:00;31;com vítima;164,215;BR-393/RJ;Norte;Colisão Traseira;2;0;2;0;0;0;1
07/12/2013;13:32:00;48;sem vítima;195;BR-393/RJ;Norte;Engavetamento;1;5;0;0;0;0;1
07/12/2013;01:05:00;11;com vítima;285,495;BR-393/RJ;Norte;Colisão Transversal;1;2;1;0;0;0;1
09/12/2013;12:25:00;26;sem vítima;258,413;BR-393/RJ;Norte;Colisão Lateral;1;8;0;0;0;0;1
09/12/2013;17:56:00;49;com vítima;285,416;BR-393/RJ;Norte;Colisão Lateral;1;0;2;0;0;0;1
10/12/2013;06:56:00;19;com vítima;268,486;BR-393/RJ;Sul;Colisão Transversal;1;2;0;1;0;0;2
10/12/2013;09:27:00;28;sem vítima;285,465;BR-393/RJ;Norte;Abalroamento Mesmo Sentido ;1;2;0;0;0;0;1
11/12/2013;09:39:00;23;com vítima;147,218;BR-393/RJ;Norte;Tombamento;1;0;1;0;0;0;1
11/12/2013;12:34:00;43;sem vítima;283,271;BR-393/RJ;Norte;Colisão Frontal;1;2;0;0;0;0;1
13/12/2013;20:17:00;65;sem vítima;157,228;BR-393/RJ;Norte;Tombamento;1;1;0;0;0;0;1
13/12/2013;10:43:00;30;sem vítima;176,61;BR-393/RJ;Norte;Outros;1;1;0;0;0;0;1
14/12/2013;06:55:00;21;com vítima;114,884;BR-393/RJ;Sul;Tombamento;1;0;1;0;0;0;1
14/12/2013;12:35:00;40;sem vítima;246,506;BR-393/RJ;Norte;Colisão Traseira;1;2;0;0;0;0;1
15/12/2013;05:54:00;11;com vítima;187,136;BR-393/RJ;Norte;Colisão Frontal;1;0;3;0;0;0;1
16/12/2013;17:45:00;68;sem vítima;110,1;BR-393/RJ;Sul;Saida de Pista;1;1;0;0;0;0;1
16/12/2013;06:58:00;16;com vítima;155,469;BR-393/RJ;Sul;Tombamento;1;0;1;0;0;0;1
18/12/2013;06:47:00;18;com vítima;114,5;BR-393/RJ;Norte;Tombamento;1;0;0;1;0;0;2
18/12/2013;11:45:00;38;sem vítima;285;BR-393/RJ;Sul;Colisão Lateral;1;2;0;0;0;0;1
19/12/2013;16:18:00;60;sem vítima;182,117;BR-393/RJ;Norte;Colisão Lateral;1;2;0;0;0;0;1
19/12/2013;22:35:00;87;sem vítima;233,956;BR-393/RJ;Norte;Abalroamento Mesmo Sentido ;1;2;0;0;0;0;1
19/12/2013;18:50:00;65;sem vítima;285,5;BR-393/RJ;Sul;Colisão Lateral;1;2;0;0;0;0;1
19/12/2013;19:18:00;66;sem vítima;285,7;BR-393/RJ;Sul;Colisão Lateral;1;2;0;0;0;0;1
20/12/2013;19:59:00;79;sem vítima;164;BR-393/RJ;Norte;Abalroamento Mesmo Sentido ;1;4;0;0;0;0;1
20/12/2013;00:26:00;9;com vítima;178;BR-393/RJ;Norte;Abalroamento Mesmo Sentido ;1;1;1;0;0;0;1
20/12/2013;17:50:00;68;com vítima;202;BR-393/RJ;Norte;Outros - Sequência;1;3;1;0;0;0;1
20/12/2013;13:06:00;46;com vítima;285;BR-393/RJ;Sul;Colisão Traseira;1;0;2;0;0;0;1
21/12/2013;22:56:00;86;com vítima;114,375;BR-393/RJ;Norte;Tombamento;1;0;1;0;0;0;1
21/12/2013;20:00:00;73;sem vítima;125,822;BR-393/RJ;Norte;Colisão Traseira;1;2;0;0;0;0;1
21/12/2013;22:31:00;83;com vítima;167;BR-393/RJ;Norte;Atropelamento - Ciclista;1;1;0;1;0;0;2
21/12/2013;16:48:00;62;sem vítima;1;Alça Sul;Sul;Colisão Traseira;1;3;0;0;0;0;1
21/12/2013;13:25:00;48;com vítima;249,6;BR-393/RJ;Norte;Colisão Transversal;1;1;0;1;0;0;2
21/12/2013;14:07:00;52;sem vítima;285;BR-393/RJ;Sul;Colisão Lateral;1;3;0;0;0;0;1
21/12/2013;19:18:00;71;sem vítima;285;BR-393/RJ;Norte;Colisão Traseira;1;2;0;0;0;0;1
22/12/2013;10:46:00;22;com vítima;197,551;BR-393/RJ;Sul;Colisão Frontal;1;1;0;0;0;2;3
22/12/2013;19:57:00;51;com vítima;250,5;BR-393/RJ;Norte;Colisão Lateral;1;0;3;0;2;0;2
23/12/2013;16:59:00;46;sem vítima;262,509;BR-393/RJ;Sul;Tombamento;1;2;0;0;0;0;1
24/12/2013;16:28:00;42;com vítima;286;BR-393/RJ;Norte;Colisão Lateral;1;1;3;0;0;0;1
27/12/2013;13:21:00;42;com vítima;127,6;BR-393/RJ;Sul;Colisão Frontal;1;1;3;0;0;0;1
27/12/2013;07:59:00;23;com vítima;208,621;BR-393/RJ;Norte;Colisão Traseira;1;1;1;0;0;0;1
28/12/2013;06:46:00;17;com vítima;193,53;BR-393/RJ;Sul;Colisão Lateral;1;1;1;0;0;0;1
29/12/2013;14:25:00;39;sem vítima;106,236;BR-393/RJ;Sul;Colisão Traseira;1;2;0;0;0;0;1
02/01/2014;12:52:00;29;com vítima;163,851;BR-393/RJ;Sul;Tombamento;1;0;1;0;0;0;1
03/01/2014;06:57:00;14;sem vítima;284,482;BR-393/RJ;Sul;Colisão Lateral;1;2;0;0;0;0;1
04/01/2014;16:33:00;59;com vítima;163;BR-393/RJ;Norte;Engavetamento;1;2;3;0;0;0;1
06/01/2014;18:41:00;55;sem vítima;285,469;BR-393/RJ;Sul;Colisão Traseira;1;2;0;0;0;0;1
08/01/2014;08:14:00;17;com vítima;159,602;BR-393/RJ;Norte;Colisão Lateral;1;0;3;2;0;0;2
08/01/2014;10:02:00;23;sem vítima;255,702;BR-393/RJ;Norte;Colisão Traseira;1;2;0;0;0;0;1
11/01/2014;11:15:00;23;sem vítima;200,546;BR-393/RJ;Sul;Colisão Traseira;2;3;0;0;0;0;1
13/01/2014;17:10:00;71;sem vítima;281;BR-393/RJ;Norte;Colisão Lateral;1;2;0;0;0;0;1
13/01/2014;15:47:00;67;com vítima;284,228;BR-393/RJ;Norte;Engavetamento;2;3;1;0;0;0;1
15/01/2014;06:51:00;16;com vítima;212,835;BR-393/RJ;Norte;Saida de Pista;1;0;1;1;0;0;2
16/01/2014;03:35:00;14;sem vítima;122,573;BR-393/RJ;Sul;Atropelamento de Animal;1;1;0;0;0;0;1
17/01/2014;06:37:00;16;sem vítima;125;BR-393/RJ;Norte;Colisão Traseira;1;3;0;0;0;0;1
18/01/2014;18:43:00;55;sem vítima;277,516;BR-393/RJ;Sul;Colisão Lateral;1;2;0;0;0;0;1
19/01/2014;10:44:00;25;sem vítima;154;BR-393/RJ;Norte;Colisão Lateral;2;2;0;0;0;0;1
19/01/2014;16:19:00;40;sem vítima;252,2;BR-393/RJ;Sul;Colisão Lateral;1;2;0;0;0;0;1
20/01/2014;18:28:00;69;sem vítima;281,5;BR-393/RJ;Sul;Abalroamento Mesmo Sentido ;1;2;0;0;0;0;1
21/01/2014;08:51:00;25;com vítima;210,727;BR-393/RJ;Norte;Colisão Traseira;1;1;1;0;0;0;1
21/01/2014;05:24:00;15;com vítima;273,5;BR-393/RJ;Sul;Tombamento;1;0;1;0;0;0;1
22/01/2014;18:53:00;55;sem vítima;168,123;BR-393/RJ;Sul;Colisão Lateral;2;2;0;0;0;0;1
22/01/2014;12:00:00;26;sem vítima;228;BR-393/RJ;Sul;Colisão Lateral;2;3;0;0;0;0;1
22/01/2014;03:11:00;11;com vítima;270,622;BR-393/RJ;Norte;Tombamento;1;0;1;0;0;0;1
22/01/2014;08:31:00;14;sem vítima;285,454;BR-393/RJ;Sul;Colisão Lateral;1;2;0;0;0;0;1
23/01/2014;17:00:00;50;sem vítima;282;BR-393/RJ;Norte;Engavetamento;1;3;0;0;0;0;1
23/01/2014;17:40:00;56;sem vítima;285,439;BR-393/RJ;Norte;Colisão Lateral;1;2;0;0;0;0;1
24/01/2014;18:20:00;63;sem vítima;185,8;BR-393/RJ;Norte;Abalroamento Mesmo Sentido ;1;2;0;0;0;0;1
24/01/2014;17:11:00;54;com vítima;222,91;BR-393/RJ;Norte;Tombamento;2;2;0;1;0;0;2
24/01/2014;22:38:00;77;com vítima;235,18;BR-393/RJ;Sul;Colisão Lateral;1;1;3;0;0;0;1
25/01/2014;12:15:00;37;com vítima;157,9;BR-393/RJ;Norte;Outros - Sequência;1;2;1;0;0;0;1
28/01/2014;15:22:00;58;com vítima;256;BR-393/RJ;Norte;Colisão Traseira;1;1;2;0;0;0;1
28/01/2014;18:15:00;73;com vítima;274;BR-393/RJ;Norte;Tombamento;1;0;1;0;0;0;1
29/01/2014;12:48:00;31;com vítima;185,5;BR-393/RJ;Norte;Colisão Traseira;1;0;2;0;0;0;1
29/01/2014;11:50:00;28;sem vítima;246;BR-393/RJ;Norte;Colisão Lateral;1;3;0;0;0;0;1
29/01/2014;08:16:00;17;com vítima;258;BR-393/RJ;Sul;Outros;1;1;1;0;0;0;1
29/01/2014;12:34:00;30;sem vítima;281;BR-393/RJ;Norte;Colisão Traseira;1;2;0;0;0;0;1
31/01/2014;08:33:00;28;sem vítima;175;BR-393/RJ;Norte;Colisão Traseira;1;2;0;0;0;0;1
31/01/2014;16:33:00;54;sem vítima;193;BR-393/RJ;Norte;Outros;1;1;0;0;0;0;1
01/02/2014;12:05:00;23;com vítima;233;BR-393/RJ;Norte;Colisão Transversal;2;0;2;0;0;0;1
04/02/2014;19:28:00;69;sem vítima;105,581;BR-393/RJ;Norte;Colisão Lateral;1;2;0;0;0;0;1
05/02/2014;20:20:00;66;com vítima;162,8;BR-393/RJ;Norte;Colisão Traseira;1;2;1;0;0;0;1
05/02/2014;05:46:00;17;com vítima;262,083;BR-393/RJ;Sul;Tombamento;1;1;2;0;0;0;1
08/02/2014;03:08:00;11;com vítima;104,647;BR-393/RJ;Norte;Colisão Lateral;1;1;0;0;0;1;3
11/02/2014;17:31:00;65;sem vítima;110,8;BR-393/RJ;Sul;Choque - Suporte de Sinalização;1;2;0;0;0;0;1
11/02/2014;18:00:00;69;com vítima;124,467;BR-393/RJ;Norte;Tombamento;2;1;1;0;0;0;1
11/02/2014;09:54:00;23;com vítima;147,222;BR-393/RJ;Sul;Tombamento;1;0;0;1;0;0;2
11/02/2014;07:00:00;14;com vítima;259,975;BR-393/RJ;Norte;Outros - Sequência;2;0;3;0;0;0;1
12/02/2014;18:41:00;65;sem vítima;285,8;BR-393/RJ;Sul;Colisão Transversal;1;3;0;0;0;0;1
13/02/2014;07:45:00;13;com vítima;285,547;BR-393/RJ;Sul;Colisão Lateral;1;0;2;0;0;0;1
15/02/2014;09:30:00;25;sem vítima;264,907;BR-393/RJ;Norte;Colisão Traseira;1;2;0;0;0;0;1
15/02/2014;00:49:00;10;sem vítima;273,8;BR-393/RJ;Sul;Tombamento;1;1;0;0;0;0;1
16/02/2014;09:59:00;28;sem vítima;157;BR-393/RJ;Norte;Colisão Traseira;1;2;0;0;0;0;1
18/02/2014;14:58:00;43;sem vítima;124,431;BR-393/RJ;Norte;Colisão Lateral;2;2;0;0;0;0;1
20/02/2014;20:04:00;70;sem vítima;245,486;BR-393/RJ;Sul;Engavetamento;1;3;0;0;0;0;1
20/02/2014;19:11:00;71;sem vítima;247,18;BR-393/RJ;Norte;Colisão Traseira;2;2;0;0;0;0;1
21/02/2014;17:51:00;58;sem vítima;285,5;BR-393/RJ;Sul;Colisão Lateral;1;2;0;0;0;0;1
23/02/2014;14:55:00;34;sem vítima;258,276;BR-393/RJ;Norte;Colisão Traseira;1;2;0;0;0;0;1
23/02/2014;20:03:00;54;sem vítima;286,002;BR-393/RJ;Sul;Colisão Lateral;1;7;0;0;0;0;1
24/02/2014;11:31:00;40;sem vítima;103,734;BR-393/RJ;Norte;Outros;1;1;0;0;0;0;1
24/02/2014;09:36:00;30;com vítima;150;BR-393/RJ;Sul;Outros - Sequência;1;2;1;0;0;0;1
26/02/2014;07:33:00;15;sem vítima;255,774;BR-393/RJ;Sul;Abalroamento Mesmo Sentido ;1;2;0;0;0;0;1
27/02/2014;03:51:00;19;sem vítima;186,6;BR-393/RJ;Norte;Atropelamento de Animal;1;2;0;0;0;0;1
27/02/2014;06:44:00;24;com vítima;265;BR-393/RJ;Sul;Colisão Traseira;1;2;1;0;0;0;1
27/02/2014;14:40:00;80;com vítima;273,7;BR-393/RJ;Sul;Tombamento;1;0;0;1;0;0;2
28/02/2014;07:30:00;14;sem vítima;201,8;BR-393/RJ;Norte;Colisão Traseira;2;2;0;0;0;0;1
28/02/2014;08:03:00;17;com vítima;235,234;BR-393/RJ;Norte;Atropelamento - Morador;1;1;1;0;0;0;1
01/03/2014;06:46:00;21;com vítima;182,357;BR-393/RJ;Norte;Colisão Lateral;1;0;2;1;0;0;2
05/03/2014;15:24:00;44;com vítima;195;BR-393/RJ;Sul;Abalroamento Mesmo Sentido ;1;4;1;0;0;0;1
06/03/2014;20:56:00;56;com vítima;203,6;BR-393/RJ;Norte;Outros - Sequência;1;0;3;0;0;0;1
06/03/2014;01:45:00;13;sem vítima;246,331;BR-393/RJ;Sul;Colisão Traseira;1;2;0;0;0;0;1