data;horario;n_da_ocorrencia;tipo_de_ocorrencia;km;trecho;sentido;tipo_de_acidente;caminhao;ilesos;levemente_feridos;moderadamente_feridos;gravemente_feridos;mortos;3
10/03/2014;14:16:00;37;sem vítima;285,588;BR-393/RJ;Sul;Colisão Lateral;1;2;0;0;0;0;1
12/03/2014;06:59:00;16;sem vítima;285,545;BR-393/RJ;Norte;Colisão Lateral;1;2;0;0;0;0;1
14/03/2014;06:55:00;14;sem vítima;246,838;BR-393/RJ;Sul;Colisão Traseira;1;2;0;0;0;0;1
14/03/2014;15:15:00;44;sem vítima;268,324;BR-393/RJ;Sul;Colisão Traseira;1;2;0;0;0;0;1
14/03/2014;09:10:00;22;com vítima;285,5;BR-393/RJ;Sul;Outros - Sequência;1;0;3;0;0;0;1
15/03/2014;15:11:00;33;com vítima;124,451;BR-393/RJ;Norte;Tombamento;1;0;0;1;0;0;2
15/03/2014;01:43:00;9;com vítima;127,1;BR-393/RJ;Norte;Colisão Frontal;1;1;0;0;0;1;3
15/03/2014;04:19:00;11;com vítima;139,469;BR-393/RJ;Norte;Tombamento;1;0;0;2;0;0;2
17/03/2014;07:38:00;17;com vítima;181,453;BR-393/RJ;Sul;Colisão Frontal;1;0;1;0;0;1;3
19/03/2014;15:41:00;40;sem vítima;265,456;BR-393/RJ;Sul;Colisão Traseira;1;3;0;0;0;0;1
20/03/2014;01:38:00;3;com vítima;220,496;BR-393/RJ;Norte;Tombamento;1;0;1;0;0;0;1
20/03/2014;07:17:00;18;sem vítima;265;BR-393/RJ;Norte;Colisão Traseira;1;2;0;0;0;0;1
21/03/2014;17:33:00;57;sem vítima;155;BR-393/RJ;Norte;Outros;1;1;0;0;0;0;1
21/03/2014;22:15:00;66;com vítima;195,1;BR-393/RJ;Sul;Colisão Traseira;1;0;2;1;0;0;2
22/03/2014;11:07:00;36;sem vítima;201,698;BR-393/RJ;Norte;Colisão Traseira;2;2;0;0;0;0;1
22/03/2014;20:41:00;66;com vítima;262,048;BR-393/RJ;Norte;Colisão Lateral;1;1;1;0;0;0;1
24/03/2014;18:43:00;50;sem vítima;285,8;BR-393/RJ;Sul;Colisão Lateral;1;2;0;0;0;0;1
26/03/2014;13:06:00;44;com vítima;220,635;BR-393/RJ;Norte;Saida de Pista;1;0;1;1;0;0;2
26/03/2014;22:56:00;62;com vítima;274;BR-393/RJ;Sul;Tombamento;1;0;1;0;0;0;1
27/03/2014;07:19:00;14;com vítima;157,923;BR-393/RJ;Sul;Colisão Frontal;2;1;1;0;0;0;1
27/03/2014;08:01:00;16;com vítima;203,968;BR-393/RJ;Sul;Capotamento;1;1;0;1;0;0;2
27/03/2014;23:55:00;62;com vítima;238,66;BR-393/RJ;Norte;Colisão Transversal;1;0;1;0;0;1;3
29/03/2014;15:25:00;49;com vítima;182,208;BR-393/RJ;Sul;Colisão Frontal;1;0;1;0;0;1;3
29/03/2014;10:42:00;35;sem vítima;246,584;BR-393/RJ;Sul;Colisão Lateral;1;2;0;0;0;0;1
01/04/2014;11:18:00;31;sem vítima;178;BR-393/RJ;Norte;Colisão Traseira;2;2;0;0;0;0;1
01/04/2014;10:25:00;26;com vítima;284,496;BR-393/RJ;Norte;Colisão Traseira;1;2;1;0;0;0;1
01/04/2014;11:11:00;30;sem vítima;284,52;BR-393/RJ;Norte;Colisão Traseira;1;2;0;0;0;0;1
01/04/2014;12:11:00;32;sem vítima;285,495;BR-393/RJ;Sul;Colisão Traseira;1;2;0;0;0;0;1
03/04/2014;21:12:00;62;sem vítima;165,3;BR-393/RJ;Norte;Colisão Traseira;1;4;0;0;0;0;1
04/04/2014;07:50:00;17;sem vítima;271;BR-393/RJ;Norte;Capotamento;1;2;0;0;0;0;1
07/04/2014;17:27:00;58;sem vítima;168,401;BR-393/RJ;Sul;Colisão Lateral;1;2;0;0;0;0;1
08/04/2014;20:43:00;46;sem vítima;165,494;BR-393/RJ;Norte;Colisão Traseira;1;3;0;0;0;0;1
08/04/2014;17:54:00;42;com vítima;169,697;BR-393/RJ;Norte;Colisão Transversal;1;0;2;1;2;0;2
08/04/2014;17:01:00;40;sem vítima;279;BR-393/RJ;Sul;Colisão Traseira;2;2;0;0;0;0;1
10/04/2014;15:08:00;50;sem vítima;265,206;BR-393/RJ;Norte;Abalroamento Mesmo Sentido ;1;3;0;0;0;0;1
11/04/2014;16:53:00;49;com vítima;193,279;BR-393/RJ;Sul;Colisão Lateral;1;1;0;0;0;1;3
11/04/2014;06:52:00;16;sem vítima;285,618;BR-393/RJ;Sul;Abalroamento Mesmo Sentido ;1;2;0;0;0;0;1
15/04/2014;12:22:00;43;sem vítima;157,492;BR-393/RJ;Sul;Abalroamento Mesmo Sentido ;1;2;0;0;0;0;1
15/04/2014;17:50:00;55;com vítima;285;BR-393/RJ;Norte;Outros - Sequência;2;2;0;1;0;0;2
16/04/2014;23:45:00;63;com vítima;147,217;BR-393/RJ;Norte;Tombamento;1;0;1;0;0;0;1
17/04/2014;09:13:00;25;sem vítima;155,577;BR-393/RJ;Norte;Colisão Traseira;1;6;0;0;0;0;1
17/04/2014;11:32:00;32;com vítima;176,889;BR-393/RJ;Norte;Colisão Lateral;1;3;1;0;0;0;1
17/04/2014;17:27:00;51;sem vítima;284,208;BR-393/RJ;Norte;Colisão Traseira;1;2;0;0;0;0;1
17/04/2014;10:04:00;27;sem vítima;285,493;BR-393/RJ;Norte;Colisão Traseira;1;2;0;0;0;0;1
18/04/2014;09:30:00;26;sem vítima;106,294;BR-393/RJ;Norte;Engavetamento;1;5;0;0;0;0;1
18/04/2014;11:58:00;42;com vítima;168,761;BR-393/RJ;Norte;Colisão Transversal;1;0;3;0;0;0;1
21/04/2014;09:35:00;23;sem vítima;175,813;BR-393/RJ;Norte;Tombamento;1;1;0;0;0;0;1
22/04/2014;12:25:00;29;sem vítima;281,356;BR-393/RJ;Norte;Colisão Traseira;2;3;0;0;0;0;1
24/04/2014;12:51:00;41;com vítima;161,893;BR-393/RJ;Sul;Outros - Sequência;1;0;5;1;1;0;2
24/04/2014;14:34:00;46;com vítima;210;BR-393/RJ;Norte;Colisão Traseira;2;0;3;0;0;0;1
25/04/2014;23:47:00;57;com vítima;171,471;BR-393/RJ;Sul;Colisão Transversal;1;1;1;1;1;0;2
25/04/2014;22:46:00;51;sem vítima;200,018;BR-393/RJ;Sul;Atropelamento de Animal;1;1;0;0;0;0;1
26/04/2014;07:13:00;15;sem vítima;161,84;BR-393/RJ;Norte;Tombamento;1;1;0;0;0;0;1
28/04/2014;00:15:00;2;com vítima;234;BR-393/RJ;Norte;Colisão Frontal;1;0;0;1;0;1;3
30/04/2014;17:25:00;47;com vítima;283,3;BR-393/RJ;Norte;Abalroamento Mesmo Sentido ;1;2;1;0;0;0;1
30/04/2014;19:11:00;53;sem vítima;284,4;BR-393/RJ;Norte;Abalroamento Sentido Oposto;1;2;0;0;0;0;1
01/05/2014;04:38:00;17;com vítima;237,61;BR-393/RJ;Norte;Tombamento;1;0;2;0;0;0;1
02/05/2014;07:27:00;15;com vítima;187,194;BR-393/RJ;Norte;Colisão Lateral;2;0;2;0;0;0;1
02/05/2014;15:47:00;37;com vítima;252,47;BR-393/RJ;Sul;Colisão Transversal;1;1;0;0;0;3;3
03/05/2014;13:03:00;31;sem vítima;215;BR-393/RJ;Norte;Tombamento;1;3;0;0;0;0;1
04/05/2014;15:25:00;36;com vítima;176,967;BR-393/RJ;Norte;Outros - Sequência;3;0;2;1;0;0;2
09/05/2014;12:16:00;30;sem vítima;175,871;BR-393/RJ;Sul;Colisão Traseira;2;2;0;0;0;0;1
11/05/2014;18:43:00;33;sem vítima;283,3;BR-393/RJ;Norte;Colisão Lateral;1;2;0;0;0;0;1
12/05/2014;17:02:00;61;com vítima;238,647;BR-393/RJ;Norte;Colisão Transversal;1;1;2;0;0;0;1
14/05/2014;16:19:00;62;sem vítima;106,1;BR-393/RJ;Sul;Colisão Traseira;1;3;0;0;0;0;1
14/05/2014;07:00:00;14;sem vítima;146,773;BR-393/RJ;Sul;Colisão Lateral;1;3;0;0;0;0;1
14/05/2014;19:06:00;72;com vítima;274,118;BR-393/RJ;Norte;Choque - Objeto sobre a pista;1;1;0;2;0;0;2
16/05/2014;14:51:00;40;sem vítima;242,829;BR-393/RJ;Norte;Colisão Traseira;1;2;0;0;0;0;1
17/05/2014;17:29:00;61;com vítima;168,469;BR-393/RJ;Norte;Outros - Sequência;2;1;0;1;0;1;3
19/05/2014;08:49:00;25;sem vítima;107;BR-393/RJ;Sul;Colisão Traseira;1;2;0;0;0;0;1
20/05/2014;05:11:00;12;sem vítima;118,045;BR-393/RJ;Sul;Colisão Traseira;2;3;0;0;0;0;1
20/05/2014;09:44:00;30;com vítima;178,34;BR-393/RJ;Norte;Tombamento;1;0;1;0;0;0;1
24/05/2014;15:38:00;41;sem vítima;284,8;BR-393/RJ;Norte;Colisão Lateral;1;2;0;0;0;0;1
24/05/2014;13:01:00;34;sem vítima;285,9;BR-393/RJ;Sul;Colisão Traseira;1;2;0;0;0;0;1
28/05/2014;14:41:00;45;com vítima;263,087;BR-393/RJ;Sul;Abalroamento Sentido Oposto;1;1;1;0;0;0;1
29/05/2014;08:13:00;15;com vítima;124,423;BR-393/RJ;Norte;Outros - Sequência;2;1;1;0;0;0;1
29/05/2014;21:49:00;57;sem vítima;143;BR-393/RJ;Norte;Saida de Pista;1;2;0;0;0;0;1
29/05/2014;09:52:00;27;sem vítima;167,9;BR-393/RJ;Sul;Colisão Lateral;2;2;0;0;0;0;1
30/05/2014;04:48:00;14;com vítima;262,857;BR-393/RJ;Norte;Abalroamento Sentido Oposto;1;1;0;0;1;0;2
01/06/2014;07:51:00;23;com vítima;178;BR-393/RJ;Norte;Colisão Traseira;1;0;5;0;0;0;1
05/06/2014;05:09:00;11;sem vítima;129,153;BR-393/RJ;Sul;Tombamento;1;1;0;0;0;0;1
06/06/2014;19:05:00;53;sem vítima;285,5;BR-393/RJ;Sul;Colisão Lateral;1;2;0;0;0;0;1
07/06/2014;05:03:00;14;com vítima;155,449;BR-393/RJ;Norte;Outros - Sequência;1;36;3;0;0;0;1
11/06/2014;04:43:00;13;com vítima;143,433;BR-393/RJ;Norte;Tombamento;1;0;1;0;0;0;1
13/06/2014;19:49:00;59;sem vítima;234;BR-393/RJ;Sul;Colisão Traseira;2;2;0;0;0;0;1
14/06/2014;02:34:00;11;sem vítima;103;BR-393/RJ;Norte;Outros - Sequência;1;2;0;0;0;0;1
14/06/2014;13:53:00;40;com vítima;115,626;BR-393/RJ;Norte;Colisão Lateral;1;0;1;1;0;0;2
16/06/2014;17:56:00;43;com vítima;283,3;BR-393/RJ;Norte;Engavetamento;1;3;1;0;0;0;1
17/06/2014;06:51:00;20;com vítima;273,22;BR-393/RJ;Norte;Tombamento;1;0;0;1;0;0;2
18/06/2014;09:45:00;29;com vítima;220,429;BR-393/RJ;Norte;Colisão Traseira;1;0;3;0;0;0;1
21/06/2014;22:03:00;56;com vítima;175;BR-393/RJ;Norte;Colisão Lateral;1;1;2;0;0;0;1
21/06/2014;05:23:00;16;com vítima;236,067;BR-393/RJ;Norte;Colisão Frontal;1;3;1;1;0;1;3
23/06/2014;14:22:00;39;sem vítima;233,6;BR-393/RJ;Sul;Colisão Lateral;1;2;0;0;0;0;1
24/06/2014;08:32:00;17;sem vítima;191,746;BR-393/RJ;Norte;Outros - Sequência;1;1;0;0;0;0;1
26/06/2014;08:24:00;16;com vítima;235,238;BR-393/RJ;Sul;Abalroamento Mesmo Sentido ;1;2;1;0;0;0;1
26/06/2014;04:25:00;11;sem vítima;244,96;BR-393/RJ;Sul;Saida de Pista;1;1;0;0;0;0;1
27/06/2014;09:52:00;16;com vítima;285;BR-393/RJ;Norte;Colisão Lateral;1;1;1;0;0;0;1
28/06/2014;08:08:00;15;com vítima;161,206;BR-393/RJ;Norte;Tombamento;1;0;1;0;0;0;1
01/07/2014;18:02:00;46;sem vítima;278,87;BR-393/RJ;Sul;Outros;1;3;0;0;0;0;1
03/07/2014;18:08:00;51;com vítima;284;BR-393/RJ;Norte;Engavetamento;2;3;1;0;0;0;1
04/07/2014;15:10:00;40;sem vítima;142,282;BR-393/RJ;Sul;Colisão Lateral;1;2;0;0;0;0;1
05/07/2014;17:27:00;49;com vítima;114,893;BR-393/RJ;Norte;Tombamento;1;0;1;0;0;0;1
05/07/2014;21:56:00;70;com vítima;240,872;BR-393/RJ;Norte;Outros - Sequência;2;2;2;0;0;0;1
05/07/2014;20:00:00;67;sem vítima;284,6;BR-393/RJ;Sul;Colisão Lateral;1;2;0;0;0;0;1
05/07/2014;17:59:00;52;sem vítima;284,7;BR-393/RJ;Norte;Colisão Traseira;1;3;0;0;0;0;1
08/07/2014;03:30:00;15;sem vítima;243,7;BR-393/RJ;Norte;Abalroamento Mesmo Sentido ;1;2;0;0;0;0;1
10/07/2014;12:24:00;37;sem vítima;220;BR-393/RJ;Norte;Colisão Traseira;2;2;0;0;0;0;1
11/07/2014;20:12:00;51;sem vítima;103;BR-393/RJ;Norte;Abalroamento Sentido Oposto;1;3;0;0;0;0;1
13/07/2014;23:12:00;60;com vítima;181,948;BR-393/RJ;Norte;Colisão Frontal;1;1;1;0;0;0;1
14/07/2014;06:36:00;12;sem vítima;155,557;BR-393/RJ;Norte;Tombamento;1;2;0;0;0;0;1
14/07/2014;17:05:00;43;sem vítima;236;BR-393/RJ;Sul;Colisão Lateral;1;2;0;0;0;0;1
18/07/2014;12:34:00;33;com vítima;138,399;BR-393/RJ;Sul;Tombamento;1;0;1;0;0;0;1
18/07/2014;00:03:00;1;sem vítima;155,443;BR-393/RJ;Norte;Tombamento;1;1;0;0;0;0;1
18/07/2014;15:57:00;46;sem vítima;278;BR-393/RJ;Norte;Colisão Traseira;1;2;0;0;0;0;1
23/07/2014;14:34:00;39;sem vítima;235,237;BR-393/RJ;Norte;Colisão Lateral;1;2;0;0;0;0;1
24/07/2014;22:04:00;69;sem vítima;122,335;BR-393/RJ;Sul;Saida de Pista;1;1;0;0;0;0;1
24/07/2014;22:07:00;70;com vítima;143;BR-393/RJ;Norte;Atropelamento - Outros;1;1;0;0;0;1;3
24/07/2014;17:59:00;55;com vítima;155;BR-393/RJ;Norte;Tombamento;1;0;2;0;0;0;1
25/07/2014;22:21:00;76;com vítima;151,826;BR-393/RJ;Sul;Tombamento;1;0;1;0;0;0;1
25/07/2014;13:27:00;35;sem vítima;281;BR-393/RJ;Norte;Colisão Traseira;1;2;0;0;0;0;1
31/07/2014;22:21:00;65;com vítima;282;BR-393/RJ;Norte;Colisão Traseira;2;1;1;0;0;0;1
02/08/2014;09:35:00;24;sem vítima;236,572;BR-393/RJ;Sul;Colisão Traseira;1;4;0;0;0;0;1
05/08/2014;22:23:00;61;sem vítima;192;BR-393/RJ;Sul;Outros;2;2;0;0;0;0;1
06/08/2014;06:56:00;15;com vítima;229;BR-393/RJ;Norte;Colisão Traseira;2;0;1;1;0;0;2
07/08/2014;06:43:00;19;com vítima;165;BR-393/RJ;Sul;Tombamento;1;0;1;0;0;0;1
07/08/2014;22:55:00;73;sem vítima;256;BR-393/RJ;Norte;Choque - Defensa, barreira ou "submarino";1;2;0;0;0;0;1
08/08/2014;17:36:00;65;com vítima;285,9;BR-393/RJ;Norte;Colisão Lateral;1;1;1;0;0;0;1
09/08/2014;22:10:00;64;sem vítima;195;BR-393/RJ;Norte;Colisão Traseira;1;2;0;0;0;0;1
11/08/2014;09:48:00;27;com vítima;187;BR-393/RJ;Norte;Colisão Lateral;1;1;4;1;0;0;2
12/08/2014;18:33:00;64;sem vítima;215,25;BR-393/RJ;Sul;Tombamento;1;1;0;0;0;0;1
13/08/2014;18:22:00;55;com vítima;246,895;BR-393/RJ;Sul;Colisão Frontal;1;1;1;1;0;0;2
17/08/2014;01:20:00;1;com vítima;176,6;BR-393/RJ;Norte;Colisão Frontal;1;0;1;0;1;0;2
17/08/2014;16:40:00;39;com vítima;262,955;BR-393/RJ;Norte;Outros - Sequência;1;1;1;0;0;0;1
20/08/2014;10:37:00;22;sem vítima;233,6;BR-393/RJ;Sul;Colisão Lateral;2;2;0;0;0;0;1
20/08/2014;18:50:00;51;com vítima;235,6;BR-393/RJ;Norte;Outros - Sequência;2;0;0;3;0;1;3
21/08/2014;20:36:00;65;com vítima;262;BR-393/RJ;Norte;Abalroamento Sentido Oposto;1;1;1;0;0;0;1
22/08/2014;04:16:00;12;sem vítima;201,176;BR-393/RJ;Norte;Colisão Traseira;2;2;0;0;0;0;1
23/08/2014;20:54:00;49;sem vítima;234;BR-393/RJ;Norte;Colisão Transversal;1;3;0;0;0;0;1
25/08/2014;16:19:00;58;com vítima;168,812;BR-393/RJ;Norte;Colisão Lateral;1;0;0;0;1;3;3
25/08/2014;09:27:00;22;sem vítima;285;BR-393/RJ;Norte;Colisão Lateral;1;2;0;0;0;0;1
29/08/2014;18:40:00;53;sem vítima;285,5;BR-393/RJ;Sul;Abalroamento Mesmo Sentido ;1;2;0;0;0;0;1
30/08/2014;15:18:00;33;sem vítima;284,082;BR-393/RJ;Norte;Colisão Lateral;1;2;0;0;0;0;1
31/08/2014;10:28:00;26;com vítima;195;BR-393/RJ;Sul;Colisão Traseira;2;1;1;1;1;0;2
01/09/2014;16:29:00;46;sem vítima;285,584;BR-393/RJ;Sul;Colisão Lateral;1;2;0;0;0;0;1
01/09/2014;16:57:00;48;sem vítima;285,584;BR-393/RJ;Sul;Colisão Lateral;1;4;0;0;0;0;1
02/09/2014;17:00:00;49;com vítima;125,5;BR-393/RJ;Sul;Colisão Traseira;1;1;0;1;0;0;2
04/09/2014;02:49:00;5;com vítima;155,559;BR-393/RJ;Norte;Saida de Pista;1;2;1;0;0;0;1
05/09/2014;11:06:00;37;com vítima;203,632;BR-393/RJ;Norte;Outros - Sequência;4;1;5;1;0;0;2
06/09/2014;06:49:00;14;com vítima;124,438;BR-393/RJ;Norte;Tombamento;1;0;1;0;0;0;1
06/09/2014;10:25:00;24;sem vítima;143,5;BR-393/RJ;Norte;Tombamento;1;1;0;0;0;0;1
07/09/2014;17:42:00;52;com vítima;151,8;BR-393/RJ;Sul;Tombamento;1;0;1;0;0;0;1
08/09/2014;09:30:00;22;sem vítima;251,583;BR-393/RJ;Sul;Choque - Defensa, barreira ou "submarino";1;1;0;0;0;0;1
09/09/2014;19:07:00;52;com vítima;174;BR-393/RJ;Norte;Abalroamento Mesmo Sentido ;2;1;1;0;0;0;1
09/09/2014;19:28:00;54;sem vítima;279;BR-393/RJ;Sul;Colisão Lateral;1;3;0;0;0;0;1
11/09/2014;00:26:00;2;sem vítima;175;BR-393/RJ;Norte;Atropelamento de Animal;2;2;0;0;0;0;1
12/09/2014;00:53:00;10;com vítima;274,116;BR-393/RJ;Sul;Tombamento;1;0;1;0;0;0;1
12/09/2014;18:44:00;60;sem vítima;285,3;BR-393/RJ;Norte;Colisão Lateral;1;2;0;0;0;0;1
15/09/2014;13:41:00;34;com vítima;160;BR-393/RJ;Sul;Colisão Traseira;2;1;1;0;0;0;1
16/09/2014;15:39:00;46;sem vítima;125,669;BR-393/RJ;Sul;Colisão Traseira;1;4;0;0;0;0;1
17/09/2014;00:22:00;9;com vítima;169;BR-393/RJ;Sul;Outros - Sequência;1;0;3;0;0;0;1
17/09/2014;17:16:00;50;sem vítima;265,1;BR-393/RJ;Norte;Colisão Traseira;1;2;0;0;0;0;1
19/09/2014;07:59:00;22;sem vítima;285;BR-393/RJ;Norte;Colisão Traseira;1;2;0;0;0;0;1
20/09/2014;04:31:00;14;sem vítima;215,254;BR-393/RJ;Sul;Tombamento;1;1;0;0;0;0;1
22/09/2014;07:17:00;20;sem vítima;215,398;BR-393/RJ;Sul;Colisão Lateral;1;20;0;0;0;0;1
23/09/2014;12:43:00;40;sem vítima;186,784;BR-393/RJ;Norte;Outros - Sequência;3;3;0;0;0;0;1
23/09/2014;19:52:00;66;com vítima;204,43;BR-393/RJ;Sul;Atropelamento de Animal;1;1;2;0;0;0;1
24/09/2014;07:08:00;22;sem vítima;155,461;BR-393/RJ;Norte;Tombamento;1;3;0;0;0;0;1
24/09/2014;19:53:00;63;sem vítima;283,555;BR-393/RJ;Norte;Colisão Lateral;1;4;0;0;0;0;1
27/09/2014;17:25:00;43;com vítima;103,9;BR-393/RJ;Norte;Tombamento;1;0;1;0;0;0;1
28/09/2014;10:53:00;27;sem vítima;286,002;BR-393/RJ;Norte;Colisão Traseira;1;2;0;0;0;0;1
30/09/2014;14:46:00;47;com vítima;184,657;BR-393/RJ;Sul;Tombamento;1;0;1;0;0;0;1
30/09/2014;15:59:00;53;com vítima;243,503;BR-393/RJ;Sul;Saida de Pista;1;0;1;0;0;0;1
01/10/2014;23:06:00;64;com vítima;278,9;BR-393/RJ;Sul;Colisão Traseira;2;1;0;1;0;0;2
03/10/2014;02:16:00;5;sem vítima;174,647;BR-393/RJ;Sul;Atropelamento de Animal;1;1;0;0;0;0;1
04/10/2014;02:31:00;11;sem vítima;210,11;BR-393/RJ;Norte;Atropelamento de Animal;2;2;0;0;0;0;1
05/10/2014;11:42:00;25;sem vítima;142,353;BR-393/RJ;Norte;Colisão Traseira;1;2;0;0;0;0;1
10/10/2014;12:28:00;33;com vítima;155,499;BR-393/RJ;Sul;Tombamento;1;0;1;0;0;0;1
11/10/2014;05:47:00;17;com vítima;157,904;BR-393/RJ;Norte;Tombamento;1;0;1;0;0;0;1
11/10/2014;13:43:00;41;sem vítima;223,516;BR-393/RJ;Sul;Tombamento;1;1;0;0;0;0;1
14/10/2014;09:36:00;29;com vítima;131,492;BR-393/RJ;Sul;Tombamento;1;0;1;0;0;0;1
14/10/2014;08:22:00;25;sem vítima;164,662;BR-393/RJ;Norte;Tombamento;1;1;0;0;0;0;1
15/10/2014;11:06:00;31;com vítima;125,841;BR-393/RJ;Norte;Colisão Lateral;1;4;1;0;0;0;1
15/10/2014;10:37:00;28;sem vítima;284,32;BR-393/RJ;Sul;Colisão Traseira;1;5;0;0;0;0;1
15/10/2014;08:41:00;25;sem vítima;285,49;BR-393/RJ;Norte;Colisão Transversal;1;4;0;0;0;0;1
16/10/2014;13:57:00;51;com vítima;273,8;BR-393/RJ;Norte;Tombamento;1;0;0;1;0;0;2
16/10/2014;17:36:00;63;sem vítima;284;BR-393/RJ;Norte;Abalroamento Mesmo Sentido ;1;2;0;0;0;0;1
17/10/2014;15:38:00;51;sem vítima;235,808;BR-393/RJ;Norte;Colisão Traseira;2;2;0;0;0;0;1
18/10/2014;08:41:00;25;sem vítima;183;BR-393/RJ;Norte;Colisão Traseira;1;2;0;0;0;0;1
20/10/2014;07:34:00;20;com vítima;232,232;BR-393/RJ;Sul;Colisão Lateral;1;0;1;0;2;1;3
24/10/2014;14:40:00;60;sem vítima;133,613;BR-393/RJ;Sul;Colisão Traseira;1;3;0;0;0;0;1
24/10/2014;15:15:00;65;sem vítima;233,924;BR-393/RJ;Sul;Colisão Lateral;1;2;0;0;0;0;1
25/10/2014;10:12:00;24;com vítima;175,626;BR-393/RJ;Norte;Colisão Lateral;1;4;1;0;0;0;1
26/10/2014;06:46:00;20;sem vítima;285,996;BR-393/RJ;Norte;Colisão Lateral;1;2;0;0;0;0;1
27/10/2014;07:53:00;27;sem vítima;266;BR-393/RJ;Norte;Colisão Traseira;1;4;0;0;0;0;1
28/10/2014;08:27:00;28;com vítima;115,7;BR-393/RJ;Norte;Colisão Transversal;1;0;1;1;0;0;2
28/10/2014;10:09:00;35;com vítima;178,3;BR-393/RJ;Norte;Colisão Lateral;1;0;1;0;0;1;3
28/10/2014;13:07:00;44;com vítima;283;BR-393/RJ;Norte;Colisão Traseira;1;2;1;0;0;0;1
28/10/2014;00:30:00;2;com vítima;286;BR-393/RJ;Sul;Outros - Sequência;1;2;1;0;0;0;1
29/10/2014;03:33:00;11;com vítima;103,221;BR-393/RJ;Sul;Colisão Lateral;1;1;0;1;0;0;2
29/10/2014;09:23:00;20;sem vítima;277,846;BR-393/RJ;Sul;Colisão Frontal;2;2;0;0;0;0;1
30/10/2014;18:39:00;63;com vítima;106,747;BR-393/RJ;Sul;Colisão Frontal;1;0;5;0;0;0;1
30/10/2014;11:39:00;41;sem vítima;142;BR-393/RJ;Sul;Colisão Traseira;1;3;0;0;0;0;1
31/10/2014;09:25:00;23;sem vítima;175,453;BR-393/RJ;Norte;Colisão Lateral;1;2;0;0;0;0;1
01/11/2014;07:35:00;16;sem vítima;174,8;BR-393/RJ;Norte;Tombamento;1;1;0;0;0;0;1
03/11/2014;04:35:00;17;sem vítima;203,422;BR-393/RJ;Sul;Atropelamento de Animal;1;1;0;0;0;0;1
05/11/2014;06:55:00;19;com vítima;147;BR-393/RJ;Norte;Tombamento;1;0;0;1;0;0;2
05/11/2014;02:02:00;12;sem vítima;210,1;BR-393/RJ;Sul;Atropelamento de Animal;1;1;0;0;0;0;1
06/11/2014;19:51:00;54;sem vítima;106,9;BR-393/RJ;Sul;Colisão Lateral;1;2;0;0;0;0;1
07/11/2014;08:00:00;22;com vítima;285;BR-393/RJ;Sul;Colisão Traseira;1;5;1;0;0;0;1
07/11/2014;19:49:00;73;sem vítima;286;BR-393/RJ;Sul;Colisão Traseira;1;2;0;0;0;0;1
08/11/2014;00:15:00;2;com vítima;222;BR-393/RJ;Norte;Outros - Sequência;1;0;0;1;0;0;2
08/11/2014;12:30:00;35;sem vítima;285;BR-393/RJ;Norte;Colisão Lateral;1;2;0;0;0;0;1
09/11/2014;15:02:00;37;com vítima;119,347;BR-393/RJ;Sul;Outros - Sequência;1;2;0;0;2;1;3
13/11/2014;11:36:00;29;com vítima;216,02;BR-393/RJ;Sul;Tombamento;1;1;1;0;0;0;1
14/11/2014;06:24:00;15;sem vítima;164,772;BR-393/RJ;Norte;Tombamento;1;1;0;0;0;0;1
14/11/2014;19:04:00;58;com vítima;173,81;BR-393/RJ;Sul;Outros - Sequência;3;0;9;0;0;1;3
14/11/2014;02:24:00;13;com vítima;261,123;BR-393/RJ;Sul;Outros - Sequência;1;21;0;0;0;1;3
14/11/2014;15:01:00;46;sem vítima;285;BR-393/RJ;Norte;Abalroamento Mesmo Sentido ;1;2;0;0;0;0;1
15/11/2014;18:05:00;46;com vítima;167,9;BR-393/RJ;Sul;Colisão Lateral;1;1;2;0;0;0;1
16/11/2014;06:36:00;14;sem vítima;161,69;BR-393/RJ;Norte;Saida de Pista;1;1;0;0;0;0;1
17/11/2014;04:27:00;13;sem vítima;169,714;BR-393/RJ;Sul;Tombamento;1;1;0;0;0;0;1
17/11/2014;09:46:00;24;com vítima;182,41;BR-393/RJ;Sul;Colisão Lateral;1;0;2;0;0;0;1
18/11/2014;09:03:00;25;com vítima;174,537;BR-393/RJ;Norte;Colisão Transversal;1;0;2;0;0;0;1
18/11/2014;07:35:00;18;com vítima;278,784;BR-393/RJ;Sul;Engavetamento;2;2;1;0;0;0;1
19/11/2014;08:14:00;17;com vítima;169,899;BR-393/RJ;Sul;Outros - Sequência;1;1;1;0;0;0;1
20/11/2014;08:25:00;20;com vítima;130,417;BR-393/RJ;Sul;Tombamento;1;0;0;0;1;0;2
20/11/2014;07:24:00;17;com vítima;131,418;BR-393/RJ;Norte;Tombamento;1;0;1;0;0;0;1
20/11/2014;14:17:00;30;com vítima;131,923;BR-393/RJ;Sul;Engavetamento;2;2;1;0;0;0;1
20/11/2014;09:02:00;22;com vítima;175,597;BR-393/RJ;Sul;Tombamento;1;0;0;1;0;0;2