data;horario;n_da_ocorrencia;tipo_de_ocorrencia;km;trecho;sentido;tipo_de_acidente;caminhao;ilesos;levemente_feridos;moderadamente_feridos;gravemente_feridos;mortos;3
23/11/2014;20:30:00;49;com vítima;102,663;BR-393/RJ;Sul;Atropelamento - Ciclista;1;1;0;1;0;0;2
23/11/2014;15:41:00;34;com vítima;151,774;BR-393/RJ;Sul;Tombamento;1;0;1;0;0;0;1
23/11/2014;18:29:00;44;com vítima;244,176;BR-393/RJ;Norte;Colisão Frontal;1;0;1;1;0;1;3
25/11/2014;14:13:00;31;sem vítima;125,7;BR-393/RJ;Norte;Colisão Traseira;1;6;0;0;0;0;1
25/11/2014;18:30:00;44;com vítima;276,3;BR-393/RJ;Norte;Colisão Frontal;1;1;1;0;0;0;1
26/11/2014;09:06:00;30;com vítima;200,557;BR-393/RJ;Sul;Colisão Traseira;1;0;4;0;0;0;1
27/11/2014;10:55:00;36;sem vítima;233;BR-393/RJ;Norte;Saida de Pista;1;1;0;0;0;0;1
27/11/2014;17:29:00;54;com vítima;274;BR-393/RJ;Norte;Capotamento;1;1;0;1;0;0;2
28/11/2014;07:42:00;15;com vítima;223,737;BR-393/RJ;Norte;Tombamento;1;0;2;0;0;0;1
29/11/2014;05:34:00;14;com vítima;210,61;BR-393/RJ;Sul;Outros - Sequência;1;2;4;0;0;0;1
29/11/2014;15:46:00;41;sem vítima;231,137;BR-393/RJ;Sul;Colisão Traseira;1;2;0;0;0;0;1
01/12/2014;14:38:00;52;com vítima;138,194;BR-393/RJ;Pista Norte;Acidentes de outra natureza;3;2;3;0;0;0;1
01/12/2014;17:54:00;59;sem vítima;201,963;BR-393/RJ;Pista Norte;Colisão lateral no mesmo sentido;1;2;0;0;0;0;1
01/12/2014;14:04:00;49;sem vítima;285;BR-393/RJ;Pista Sul;Colisão lateral no sentido contrário;1;3;0;0;0;0;1
03/12/2014;04:42:00;14;com vítima;151,84;BR-393/RJ;Pista Sul;Tombamento;1;0;0;1;0;0;2
04/12/2014;18:08:00;71;sem vítima;157,991;BR-393/RJ;Pista Norte;Acidentes de outra natureza;1;2;0;0;0;0;1
05/12/2014;17:24:00;51;com vítima;182,519;BR-393/RJ;Pista Norte;Engavetamento;2;2;2;0;0;0;1
05/12/2014;15:23:00;49;com vítima;212,3;BR-393/RJ;Pista Norte;Saida de Pista;1;0;0;1;0;0;2
05/12/2014;09:32:00;23;sem vítima;246,5;BR-393/RJ;Pista Norte;Colisão com veículos (traseira);1;2;0;0;0;0;1
05/12/2014;11:54:00;33;sem vítima;285,3;BR-393/RJ;Pista Norte;Colisão com veículos (traseira);1;4;0;0;0;0;1
06/12/2014;18:52:00;48;sem vítima;285,5;BR-393/RJ;Pista Sul;Colisão com veículos (traseira);1;2;0;0;0;0;1
07/12/2014;10:12:00;22;com vítima;124,506;BR-393/RJ;Pista Sul;Tombamento;1;0;1;0;0;0;1
08/12/2014;13:59:00;39;com vítima;146,82;BR-393/RJ;Pista Norte;Tombamento;1;0;1;0;0;0;1
08/12/2014;15:32:00;42;com vítima;218,815;BR-393/RJ;Pista Sul;Acidentes de outra natureza;1;1;2;0;0;0;1
10/12/2014;19:48:00;51;com vítima;206,7;BR-393/RJ;Pista Norte;Colisão lateral no mesmo sentido;1;1;3;0;0;0;1
11/12/2014;20:48:00;61;sem vítima;285,5;BR-393/RJ;Pista Sul;Colisão lateral no sentido contrário;1;2;0;0;0;0;1
11/12/2014;09:26:00;24;sem vítima;285,518;BR-393/RJ;Pista Sul;Colisão lateral no mesmo sentido;1;2;0;0;0;0;1
14/12/2014;12:20:00;32;com vítima;133,543;BR-393/RJ;Pista Norte;Colisão com veículos (traseira);1;4;1;0;0;0;1
15/12/2014;19:53:00;64;sem vítima;274;BR-393/RJ;Pista Sul;Colisão lateral no sentido contrário;2;2;0;0;0;0;1
17/12/2014;07:47:00;22;sem vítima;122,8;BR-393/RJ;Pista Sul;Saídas de pista;1;1;0;0;0;0;1
18/12/2014;19:06:00;74;com vítima;164,7;BR-393/RJ;Pista Norte;Tombamento;1;1;0;1;0;0;2
18/12/2014;07:53:00;20;com vítima;235,899;BR-393/RJ;Pista Sul;Acidentes de outra natureza;1;0;3;0;0;0;1
20/12/2014;10:51:00;44;sem vítima;216;BR-393/RJ;Pista Norte;Colisão lateral no sentido contrário;2;2;0;0;0;0;1
21/12/2014;14:24:00;40;com vítima;178;BR-393/RJ;Pista Norte;Colisão com veículos (traseira);1;2;1;0;0;0;1
21/12/2014;11:53:00;32;com vítima;202;BR-393/RJ;Pista Norte;Colisão lateral no sentido contrário;1;1;4;0;0;0;1
22/12/2014;22:16:00;52;com vítima;147,382;BR-393/RJ;Pista Norte;Tombamento;1;0;0;1;0;0;2
24/12/2014;18:13:00;83;com vítima;195;BR-393/RJ;Pista Norte;Colisão com veículos (traseira);1;0;6;0;0;0;1
27/12/2014;08:37:00;20;com vítima;235,265;BR-393/RJ;Pista Sul;Colisão lateral no sentido contrário;1;2;0;0;0;1;3
27/12/2014;11:19:00;28;sem vítima;285;BR-393/RJ;Pista Norte;Colisão com veículos (traseira);1;2;0;0;0;0;1
28/12/2014;21:33:00;73;com vítima;219,028;BR-393/RJ;Pista Sul;Colisão lateral no sentido contrário;1;0;2;2;0;0;2
29/12/2014;11:13:00;33;com vítima;158,546;BR-393/RJ;Pista Sul;Colisão Transversal;1;1;3;0;1;0;2
02/01/2015;10:34:00;25;com vítima;166,079;BR-393/RJ;Pista Norte;Colisão com veículos (traseira);1;2;5;0;0;0;1
05/01/2015;19:39:00;61;sem vítima;229,392;BR-393/RJ;Pista Sul;Saídas de pista;1;1;0;0;0;0;1
07/01/2015;11:52:00;37;sem vítima;168,947;BR-393/RJ;Pista Sul;Colisão com veículos (traseira);1;3;0;0;0;0;1
09/01/2015;12:13:00;47;sem vítima;162;BR-393/RJ;Pista Norte;Saídas de pista;1;1;0;0;0;0;1
10/01/2015;09:17:00;28;sem vítima;138,09;BR-393/RJ;Pista Norte;Tombamento;1;1;0;0;0;0;1
10/01/2015;21:51:00;61;sem vítima;281,566;BR-393/RJ;Pista Sul;Colisão lateral no sentido contrário;1;3;0;0;0;0;1
11/01/2015;14:27:00;44;com vítima;274,677;BR-393/RJ;Pista Sul;Colisão lateral no mesmo sentido;1;1;4;0;0;0;1
12/01/2015;09:39:00;28;com vítima;146;BR-393/RJ;Pista Norte;Colisão lateral no mesmo sentido;1;2;1;0;0;0;1
12/01/2015;22:36:00;74;sem vítima;200,7;BR-393/RJ;Pista Sul;Atropelamento de animais;1;1;0;0;0;0;1
17/01/2015;12:04:00;31;com vítima;123,571;BR-393/RJ;Pista Norte;Colisão com veículos (frontal);2;0;2;1;0;1;3
19/01/2015;12:30:00;38;com vítima;175,619;BR-393/RJ;Pista Sul;Colisão lateral no mesmo sentido;1;1;1;0;0;0;1
20/01/2015;03:01:00;5;com vítima;210,6;BR-393/RJ;Pista Norte;Acidentes de outra natureza;2;0;4;0;0;0;1
22/01/2015;20:12:00;62;sem vítima;103,9;BR-393/RJ;Pista Sul;Colisão com veículos (traseira);1;2;0;0;0;0;1
22/01/2015;06:07:00;14;com vítima;189,38;BR-393/RJ;Pista Norte;Colisão com veículos (frontal);2;0;1;0;0;1;3
23/01/2015;14:31:00;56;com vítima;199,383;BR-393/RJ;Pista Norte;Acidentes de outra natureza;1;1;0;1;0;0;2
24/01/2015;15:11:00;29;com vítima;114,543;BR-393/RJ;Pista Norte;Saídas de pista;2;1;1;1;0;0;2
24/01/2015;12:35:00;26;com vítima;263,09;BR-393/RJ;Pista Norte;Tombamento;1;0;1;0;0;0;1
25/01/2015;22:00:00;84;sem vítima;125;BR-393/RJ;Pista Norte;Colisão com veículos (traseira);2;3;0;0;0;0;1
25/01/2015;07:24:00;21;com vítima;131,426;BR-393/RJ;Pista Norte;Tombamento;1;0;1;0;0;0;1
25/01/2015;10:39:00;38;com vítima;162,2;BR-393/RJ;Pista Sul;Tombamento;1;0;0;1;0;0;2
25/01/2015;13:55:00;50;com vítima;180,4;BR-393/RJ;Pista Norte;Tombamento;1;0;1;0;0;0;1
26/01/2015;16:37:00;56;sem vítima;263,9;BR-393/RJ;Pista Norte;Saídas de pista;1;1;0;0;0;0;1
28/01/2015;00:23:00;1;sem vítima;281,52;BR-393/RJ;Pista Norte;Colisão com veículos (traseira);2;3;0;0;0;0;1
29/01/2015;17:40:00;60;sem vítima;252,3;BR-393/RJ;Pista Norte;Colisão com veículos (traseira);1;2;0;0;0;0;1
30/01/2015;08:49:00;29;sem vítima;285;BR-393/RJ;Pista Sul;Colisão lateral no sentido contrário;1;2;0;0;0;0;1
31/01/2015;14:05:00;33;com vítima;192,812;BR-393/RJ;Pista Norte;Colisão lateral no mesmo sentido;1;0;5;0;0;0;1
31/01/2015;03:34:00;11;com vítima;239;BR-393/RJ;Pista Sul;Acidentes de outra natureza;1;0;3;0;0;0;1
02/02/2015;10:32:00;26;sem vítima;109,4;BR-393/RJ;Pista Norte;Colisão lateral no mesmo sentido;1;3;0;0;0;0;1
04/02/2015;17:04:00;51;com vítima;127,3;BR-393/RJ;Pista Norte;Colisão com veículos (frontal);1;0;0;3;2;1;3
04/02/2015;23:39:00;62;com vítima;239,5;BR-393/RJ;Pista Sul;Colisão com veículos (traseira);1;2;0;1;0;0;2
04/02/2015;16:43:00;48;com vítima;268,523;BR-393/RJ;Pista Sul;Colisão c/ obstáculos;1;0;0;0;0;1;3
06/02/2015;19:38:00;91;sem vítima;284,837;BR-393/RJ;Pista Sul;Colisão com veículos (traseira);1;3;0;0;0;0;1
09/02/2015;11:17:00;43;sem vítima;264,909;BR-393/RJ;Pista Sul;Colisão lateral no mesmo sentido;2;2;0;0;0;0;1
11/02/2015;04:20:00;15;sem vítima;146,899;BR-393/RJ;Pista Sul;Colisão c/ obstáculos;1;1;0;0;0;0;1
11/02/2015;13:07:00;72;sem vítima;274,1;BR-393/RJ;Pista Norte;Colisão lateral no sentido contrário;1;2;0;0;0;0;1
12/02/2015;17:41:00;103;sem vítima;132,971;BR-393/RJ;Pista Norte;Colisão com veículos (traseira);1;3;0;0;0;0;1
12/02/2015;23:42:00;142;sem vítima;274;BR-393/RJ;Pista Sul;Colisão c/ obstáculos;1;1;0;0;0;0;1
13/02/2015;09:51:00;54;com vítima;147,345;BR-393/RJ;Pista Sul;Tombamento;1;0;1;0;0;0;1
18/02/2015;08:12:00;29;com vítima;254;BR-393/RJ;Pista Sul;Colisão com veículos (frontal);1;0;2;1;1;0;2
19/02/2015;07:43:00;30;com vítima;175;BR-393/RJ;Pista Norte;Acidentes de outra natureza;1;1;0;0;1;0;2
21/02/2015;16:58:00;58;com vítima;276,601;BR-393/RJ;Pista Norte;Tombamento;1;0;1;0;0;0;1
22/02/2015;15:35:00;51;sem vítima;274,101;BR-393/RJ;Pista Norte;Acidentes de outra natureza;2;2;0;0;0;0;1
23/02/2015;07:46:00;28;sem vítima;283;BR-393/RJ;Pista Sul;Colisão com veículos (traseira);1;2;0;0;0;0;1
25/02/2015;08:53:00;32;com vítima;246,104;BR-393/RJ;Pista Norte;Tombamento;1;0;0;1;0;0;2
27/02/2015;10:03:00;55;com vítima;105,213;BR-393/RJ;Pista Norte;Colisão com veículos (traseira);1;0;2;0;0;0;1
02/03/2015;17:06:00;84;sem vítima;279,636;BR-393/RJ;Pista Norte;Colisão lateral no sentido contrário;1;2;0;0;0;0;1
02/03/2015;20:40:00;111;sem vítima;286;BR-393/RJ;Pista Norte;Colisão lateral no mesmo sentido;1;2;0;0;0;0;1
03/03/2015;17:40:00;82;sem vítima;278,8;BR-393/RJ;Pista Norte;Engavetamento;3;4;0;0;0;0;1
03/03/2015;09:48:00;38;sem vítima;285,579;BR-393/RJ;Pista Sul;Colisão lateral no mesmo sentido;1;2;0;0;0;0;1
04/03/2015;06:19:00;31;com vítima;131,6;BR-393/RJ;Pista Sul;Acidentes de outra natureza;1;0;1;0;0;0;1
04/03/2015;09:58:00;53;com vítima;201,259;BR-393/RJ;Pista Norte;Colisão com veículos (traseira);1;0;2;0;0;0;1
06/03/2015;12:23:00;58;sem vítima;113;BR-393/RJ;Pista Norte;Colisão lateral no sentido contrário;2;2;0;0;0;0;1
07/03/2015;09:55:00;45;com vítima;147,2;BR-393/RJ;Pista Norte;Tombamento;1;0;1;0;0;0;1
07/03/2015;12:20:00;49;sem vítima;285;BR-393/RJ;Pista Sul;Colisão lateral no mesmo sentido;1;2;0;0;0;0;1
08/03/2015;19:59:00;73;sem vítima;244;BR-393/RJ;Pista Sul;Atropelamento de animais;1;1;0;0;0;0;1
09/03/2015;17:18:00;53;sem vítima;102,707;BR-393/RJ;Pista Norte;Colisão lateral no sentido contrário;1;2;0;0;0;0;1
09/03/2015;05:22:00;22;sem vítima;195;BR-393/RJ;Pista Sul;Colisão com veículos (traseira);1;3;0;0;0;0;1
10/03/2015;11:22:00;44;com vítima;255;BR-393/RJ;Pista Norte;Colisão lateral no sentido contrário;1;1;1;0;0;0;1
12/03/2015;10:59:00;47;com vítima;124;BR-393/RJ;Pista Norte;Tombamento;1;0;1;0;0;0;1
12/03/2015;02:24:00;15;com vítima;195;BR-393/RJ;Pista Norte;Acidentes de outra natureza;1;2;2;0;0;0;1
12/03/2015;11:17:00;49;com vítima;257,926;BR-393/RJ;Pista Norte;Acidentes de outra natureza;2;0;2;0;0;0;1
12/03/2015;11:21:00;50;sem vítima;268;BR-393/RJ;Pista Norte;Acidentes de outra natureza;1;1;0;0;0;0;1
13/03/2015;16:09:00;44;com vítima;239,533;BR-393/RJ;Pista Norte;Acidentes de outra natureza;2;2;1;2;1;0;2
13/03/2015;17:03:00;46;com vítima;264;BR-393/RJ;Pista Norte;Acidentes de outra natureza;1;0;1;1;1;0;2
13/03/2015;18:48:00;51;com vítima;267;BR-393/RJ;Pista Sul;Colisão lateral no sentido contrário;1;1;1;0;0;0;1
14/03/2015;22:35:00;75;sem vítima;200,9;BR-393/RJ;Pista Norte;Atropelamento de animais;1;1;0;0;0;0;1
15/03/2015;11:33:00;34;com vítima;147,046;BR-393/RJ;Pista Norte;Acidentes de outra natureza;1;3;2;0;0;0;1
16/03/2015;16:55:00;66;sem vítima;226,507;BR-393/RJ;Pista Norte;Colisão lateral no sentido contrário;2;4;0;0;0;0;1
18/03/2015;05:25:00;24;sem vítima;121,524;BR-393/RJ;Pista Sul;Saídas de pista;1;1;0;0;0;0;1
19/03/2015;09:20:00;41;com vítima;207,23;BR-393/RJ;Pista Sul;Engavetamento;2;10;6;0;1;0;2
21/03/2015;11:08:00;43;sem vítima;164,8;BR-393/RJ;Pista Norte;Tombamento;1;1;0;0;0;0;1
23/03/2015;01:13:00;4;sem vítima;172,8;BR-393/RJ;Pista Sul;Atropelamento de animais;1;1;0;0;0;0;1
23/03/2015;02:26:00;9;sem vítima;261,172;BR-393/RJ;Pista Sul;Atropelamento de animais;1;1;0;0;0;0;1
23/03/2015;16:18:00;56;com vítima;279,563;BR-393/RJ;Pista Norte;Colisão c/ obstáculos;1;0;1;0;0;0;1
27/03/2015;13:25:00;52;com vítima;186,6;BR-393/RJ;Pista Norte;Colisão lateral no mesmo sentido;3;1;2;0;0;0;1
29/03/2015;22:48:00;62;sem vítima;164,6;BR-393/RJ;Pista Norte;Colisão c/ obstáculos;2;2;0;0;0;0;1
31/03/2015;09:55:00;26;sem vítima;285,537;BR-393/RJ;Pista Sul;Colisão lateral no mesmo sentido;1;2;0;0;0;0;1
31/03/2015;08:57:00;22;sem vítima;285,8;BR-393/RJ;Pista Norte;Engavetamento;1;3;0;0;0;0;1
01/04/2015;16:10:00;48;com vítima;217,659;BR-393/RJ;Pista Norte;Colisão lateral no sentido contrário;1;1;4;;;;1
02/04/2015;18:54:00;77;sem vítima;265;BR-393/RJ;Pista Norte;Colisão com veículos (traseira);1;2;;;;;1
05/04/2015;18:38:00;71;sem vítima;285,5;BR-393/RJ;Pista Sul;Colisão lateral no mesmo sentido;1;6;;;;;1
07/04/2015;07:02:00;11;com vítima;175,792;BR-393/RJ;Pista Norte;Tombamento;1;0;1;;;;1
09/04/2015;21:26:00;103;sem vítima;265;BR-393/RJ;Pista Norte;Colisão lateral no mesmo sentido;1;3;;;;;1
11/04/2015;10:11:00;43;sem vítima;139,94;BR-393/RJ;Pista Norte;Saídas de pista;1;1;;;;;1
12/04/2015;07:20:00;16;sem vítima;124,323;BR-393/RJ;Pista Norte;Tombamento;1;1;;;;;1
12/04/2015;20:09:00;9;com vítima;188;BR-393/RJ;Pista Sul;Acidentes de outra natureza;1;1;2;1;;;2
14/04/2015;23:17:00;79;sem vítima;285,7;BR-393/RJ;Pista Norte;Colisão lateral no sentido contrário;1;2;;;;;1
16/04/2015;07:20:00;34;com vítima;185,05;BR-393/RJ;Pista Norte;Colisão com veículos (frontal);2;2;;;1;;2
17/04/2015;06:44:00;27;com vítima;136,3;BR-393/RJ;Pista Norte;Tombamento;1;0;1;;;;1
18/04/2015;09:07:00;29;com vítima;201,4;BR-393/RJ;Pista Norte;Tombamento;1;0;;1;;;2
18/04/2015;07:15:00;26;sem vítima;252;BR-393/RJ;Pista Sul;Colisão lateral no sentido contrário;1;2;;;;;1
22/04/2015;18:33:00;61;sem vítima;182,4;BR-393/RJ;Pista Sul;Colisão c/ obstáculos;1;1;;;;;1
22/04/2015;07:49:00;22;sem vítima;285;BR-393/RJ;Pista Sul;Colisão lateral no mesmo sentido;1;2;;;;;1
22/04/2015;18:28:00;60;sem vítima;286,2;BR-393/RJ;Pista Norte;Colisão com veículos (traseira);1;2;;;;;1
23/04/2015;18:23:00;92;com vítima;151,9;BR-393/RJ;Pista Sul;Tombamento;1;1;;1;;;2
24/04/2015;19:37:00;101;com vítima;172;BR-393/RJ;Pista Norte;Colisão lateral no sentido contrário;1;1;2;;;;1
24/04/2015;15:19:00;71;com vítima;272,7;BR-393/RJ;Pista Sul;Saídas de pista;1;0;1;;;;1
25/04/2015;00:15:00;2;sem vítima;284,5;BR-393/RJ;Pista Sul;Colisão lateral no mesmo sentido;1;2;;;;;1
27/04/2015;02:25:00;4;com vítima;216,3;BR-393/RJ;Pista Sul;Saídas de pista;1;0;1;;;;1
27/04/2015;14:04:00;64;sem vítima;280,164;BR-393/RJ;Pista Norte;Colisão com veículos (traseira);1;3;;;;;1
28/04/2015;08:01:00;31;sem vítima;285,003;BR-393/RJ;Pista Sul;Colisão lateral no mesmo sentido;1;2;;;;;1
30/04/2015;13:15:00;43;sem vítima;102;BR-393/RJ;Pista Sul;Colisão com veículos (traseira);1;3;;;;;1
30/04/2015;07:42:00;25;com vítima;155,441;BR-393/RJ;Pista Norte;Saídas de pista;1;0;1;;;;1
30/04/2015;05:01:00;18;com vítima;259,508;BR-393/RJ;Pista Norte;Tombamento;1;0;1;;;;1
05/05/2015;18:30:00;46;sem vítima;133;BR-393/RJ;Pista Norte;Colisão com veículos (traseira);1;3;0;0;0;0;1
05/05/2015;07:28:00;19;sem vítima;151,837;BR-393/RJ;Pista Sul;Tombamento;1;1;0;0;0;0;1
08/05/2015;13:30:00;39;sem vítima;133,652;BR-393/RJ;Pista Norte;Colisão com veículos (traseira);2;2;0;0;0;0;1
14/05/2015;11:01:00;52;sem vítima;195,119;BR-393/RJ;Pista Norte;Colisão com veículos (traseira);2;2;0;0;0;0;1
15/05/2015;13:59:00;60;com vítima;159,818;BR-393/RJ;Pista Norte;Colisão com veículos (frontal);2;0;1;1;0;1;3
15/05/2015;19:08:00;74;com vítima;201,55;BR-393/RJ;Pista Norte;Tombamento;1;0;1;0;0;0;1
16/05/2015;16:25:00;50;com vítima;123;BR-393/RJ;Pista Norte;Colisão lateral no sentido contrário;2;2;1;0;1;0;2
19/05/2015;04:15:00;3;sem vítima;155,768;BR-393/RJ;Pista Norte;Tombamento;1;1;0;0;0;0;1
21/05/2015;08:04:00;29;com vítima;164,653;BR-393/RJ;Pista Norte;Tombamento;1;0;1;0;0;0;1
21/05/2015;19:42:00;86;com vítima;281,3;BR-393/RJ;Pista Norte;Colisão lateral no sentido contrário;1;1;0;1;0;0;2
23/05/2015;05:52:00;24;sem vítima;156,568;BR-393/RJ;Pista Norte;Tombamento;1;1;0;0;0;0;1
23/05/2015;11:12:00;37;com vítima;232,197;BR-393/RJ;Pista Sul;Colisão com veículos (frontal);2;3;0;1;0;0;2
25/05/2015;19:56:00;86;sem vítima;123,138;BR-393/RJ;Pista Sul;Tombamento;1;1;0;0;0;0;1
26/05/2015;12:36:00;52;sem vítima;265;BR-393/RJ;Pista Sul;Colisão com veículos (traseira);2;2;0;0;0;0;1
27/05/2015;07:57:00;31;sem vítima;285,502;BR-393/RJ;Pista Sul;Colisão lateral no sentido contrário;1;2;0;0;0;0;1
29/05/2015;06:39:00;18;com vítima;177,75;BR-393/RJ;Pista Sul;Colisão com veículos (frontal);1;1;1;0;0;0;1
29/05/2015;07:25:00;20;com vítima;238,6;BR-393/RJ;Pista Norte;Colisão lateral no sentido contrário;1;1;0;0;1;0;2
31/05/2015;07:08:00;29;com vítima;182,234;BR-393/RJ;Pista Norte;Colisão c/ obstáculos;1;0;1;0;0;0;1
08/06/2015;09:47:00;35;com vítima;105,429;BR-393/RJ;Pista Norte;Atropelamento de pedestre;1;1;1;;;;1
10/06/2015;11:20:00;58;sem vítima;182,328;BR-393/RJ;Pista Sul;Colisão com veículos (traseira);2;4;;;;;1
10/06/2015;21:15:00;108;sem vítima;214,731;BR-393/RJ;Pista Sul;Saídas de pista;1;1;;;;;1
10/06/2015;10:55:00;54;com vítima;255;BR-393/RJ;Pista Norte;Colisão lateral no sentido contrário;1;1;1;;;;1
10/06/2015;19:14:00;103;com vítima;278,08;BR-393/RJ;Pista Sul;Atropelamento de pedestre;1;1;;;1;;2
11/06/2015;01:11:00;10;com vítima;117,154;BR-393/RJ;Pista Sul;Colisão lateral no sentido contrário;1;4;3;2;;;2
11/06/2015;04:17:00;15;sem vítima;229,962;BR-393/RJ;Pista Norte;Saídas de pista;1;2;;;;;1
12/06/2015;02:01:00;8;sem vítima;255,5;BR-393/RJ;Pista Sul;Colisão com veículos (traseira);2;2;;;;;1
14/06/2015;16:24:00;52;com vítima;117,534;BR-393/RJ;Pista Norte;Tombamento;1;0;;1;;;2
16/06/2015;08:50:00;26;com vítima;133,938;BR-393/RJ;Pista Norte;Colisão com veículos (traseira);1;1;3;;;;1
20/06/2015;12:36:00;50;com vítima;217,881;BR-393/RJ;Pista Sul;Tombamento;1;0;1;;;;1
22/06/2015;22:37:00;108;sem vítima;159;BR-393/RJ;Pista Norte;Colisão lateral no mesmo sentido;1;3;;;;;1
23/06/2015;12:15:00;56;sem vítima;136,15;BR-393/RJ;Pista Norte;Colisão com veículos (traseira);1;4;;;;;1
25/06/2015;18:15:00;71;sem vítima;176;BR-393/RJ;Pista Sul;Colisão com veículos (traseira);1;4;;;;;1
30/06/2015;10:57:00;40;com vítima;180,813;BR-393/RJ;Pista Sul;Engavetamento;1;2;2;;;;1
01/07/2015;23:35:00;123;sem vítima;133,9;BR-393/RJ;Pista Sul;Colisão lateral no mesmo sentido;1;5;;;;;1
03/07/2015;12:28:00;35;sem vítima;227,803;BR-393/RJ;Pista Sul;Tombamento;1;1;;;;;1
08/07/2015;07:48:00;24;sem vítima;265,104;BR-393/RJ;Pista Sul;Colisão com veículos (traseira);1;2;;;;;1
08/07/2015;07:07:00;22;sem vítima;284,606;BR-393/RJ;Pista Sul;Colisão lateral no mesmo sentido;1;2;;;;;1
10/07/2015;15:26:00;48;com vítima;124,446;BR-393/RJ;Pista Norte;Tombamento;1;0;;1;;;2
11/07/2015;06:27:00;13;com vítima;164,697;BR-393/RJ;Pista Norte;Tombamento;1;1;2;;;;1
14/07/2015;08:10:00;20;com vítima;146,422;BR-393/RJ;Pista Sul;Colisão c/ obstáculos;1;0;;;;1;3
14/07/2015;12:58:00;37;sem vítima;284,905;BR-393/RJ;Pista Norte;Colisão com veículos (traseira);1;2;;;;;1
15/07/2015;07:31:00;24;com vítima;124,868;BR-393/RJ;Pista Norte;Colisão c/ obstáculos;1;0;1;;;;1
15/07/2015;02:10:00;13;sem vítima;253,4;BR-393/RJ;Pista Norte;Atropelamento de animais;1;1;;;;;1
17/07/2015;07:03:00;38;com vítima;114,866;BR-393/RJ;Pista Norte;Tombamento;1;0;2;;;;1
18/07/2015;06:42:00;38;com vítima;152,08;BR-393/RJ;Pista Sul;Tombamento;1;0;1;;;;1
24/07/2015;09:33:00;33;com vítima;265;BR-393/RJ;Pista Sul;Colisão lateral no mesmo sentido;1;2;1;;;;1
29/07/2015;12:11:00;92;com vítima;169,09;BR-393/RJ;Pista Sul;Colisão lateral no sentido contrário;1;1;;;1;;2
03/08/2015;16:19:00;60;com vítima;155,477;BR-393/RJ;Pista Norte;Tombamento;1;1;1;;;;1
03/08/2015;16:13:00;59;com vítima;204,832;BR-393/RJ;Pista Sul;Colisão c/ obstáculos;1;0;;1;;;2
03/08/2015;09:22:00;27;sem vítima;285,553;BR-393/RJ;Pista Sul;Colisão lateral no mesmo sentido;1;2;;;;;1
04/08/2015;09:40:00;26;sem vítima;178,3;BR-393/RJ;Pista Norte;Colisão com veículos (traseira);1;2;;;;;1
06/08/2015;09:13:00;40;sem vítima;285,473;BR-393/RJ;Pista Sul;Colisão lateral no mesmo sentido;1;2;;;;;1
07/08/2015;07:38:00;25;com vítima;147,181;BR-393/RJ;Pista Norte;Tombamento;1;0;;;1;;2
07/08/2015;02:30:00;7;sem vítima;173,455;BR-393/RJ;Pista Sul;Colisão c/ obstáculos;1;3;;;;;1