data;horario;n_da_ocorrencia;tipo_de_ocorrencia;km;trecho;sentido;tipo_de_acidente;caminhao;ilesos;levemente_feridos;moderadamente_feridos;gravemente_feridos;mortos;3
08/08/2015;08:07:00;25;com vítima;165;BR-393/RJ;Pista Norte;Colisão com veículos (frontal);2;0;3;;;;1
10/08/2015;22:55:00;94;com vítima;147,22;BR-393/RJ;Pista Sul;Tombamento;1;0;1;;;;1
10/08/2015;12:37:00;50;sem vítima;178;BR-393/RJ;Pista Sul;Colisão c/ obstáculos;1;1;;;;;1
11/08/2015;10:49:00;25;com vítima;258,066;BR-393/RJ;Pista Norte;Tombamento;1;0;1;;;;1
13/08/2015;22:55:00;133;com vítima;201,368;BR-393/RJ;Pista Norte;Tombamento;1;0;1;;;;1
13/08/2015;22:38:00;128;sem vítima;280;BR-393/RJ;Pista Norte;Colisão com veículos (traseira);1;2;;;;;1
14/08/2015;10:59:00;51;com vítima;171,477;BR-393/RJ;Pista Sul;Colisão lateral no sentido contrário;1;1;1;;;;1
14/08/2015;18:15:00;93;com vítima;193,175;BR-393/RJ;Pista Sul;Atropelamento de pedestre;1;0;1;;;1;3
15/08/2015;05:42:00;40;sem vítima;243,195;BR-393/RJ;Pista Norte;Objeto lançado contra veículo;1;30;;;;;1
17/08/2015;12:17:00;54;sem vítima;285;BR-393/RJ;Pista Sul;Colisão com veículos (traseira);1;2;;;;;1
19/08/2015;11:11:00;58;com vítima;104,129;BR-393/RJ;Pista Norte;Acidentes de outra natureza;1;2;1;;;;1
20/08/2015;09:01:00;25;sem vítima;281;BR-393/RJ;Pista Norte;Colisão com veículos (traseira);1;2;;;;;1
21/08/2015;21:18:00;108;com vítima;175,588;BR-393/RJ;Pista Sul;Engavetamento;1;1;3;;;;1
21/08/2015;17:49:00;100;sem vítima;284,2;BR-393/RJ;Pista Sul;Colisão lateral no mesmo sentido;1;2;;;;;1
23/08/2015;06:27:00;20;com vítima;201,44;BR-393/RJ;Pista Norte;Tombamento;1;0;;;;1;3
23/08/2015;22:52:00;60;com vítima;216;BR-393/RJ;Pista Sul;Acidentes de outra natureza;1;1;;;;1;3
25/08/2015;15:37:00;77;com vítima;125;BR-393/RJ;Pista Norte;Colisão com veículos (traseira);1;2;1;;;;1
26/08/2015;08:27:00;40;sem vítima;235;BR-393/RJ;Pista Sul;Colisão lateral no mesmo sentido;1;3;;;;;1
27/08/2015;19:33:00;62;com vítima;177,7;BR-393/RJ;Pista Sul;Colisão lateral no mesmo sentido;1;1;1;;;;1
28/08/2015;19:09:00;56;sem vítima;281;BR-393/RJ;Pista Norte;Colisão lateral no sentido contrário;1;2;;;;;1
29/08/2015;11:02:00;49;sem vítima;285;BR-393/RJ;Pista Norte;Colisão com veículos (traseira);1;2;;;;;1
30/08/2015;18:47:00;69;sem vítima;284,8;BR-393/RJ;Pista Sul;Colisão lateral no mesmo sentido;1;2;;;;;1
02/09/2015;18:41:00;89;sem vítima;285,514;BR-393/RJ;Pista Sul;Colisão lateral no mesmo sentido;1;2;;;;;1
04/09/2015;10:00:00;37;com vítima;172,216;BR-393/RJ;Pista Norte;Tombamento;2;0;1;3;;;2
04/09/2015;18:28:00;72;sem vítima;285,5;BR-393/RJ;Pista Norte;Colisão com veículos (traseira);1;2;;;;;1
06/09/2015;18:12:00;49;com vítima;151,928;BR-393/RJ;Pista Sul;Capotamento;1;0;;;;1;3
10/09/2015;07:04:00;17;com vítima;114,31;BR-393/RJ;Pista Norte;Colisão c/ obstáculos;1;0;1;;;1;3
11/09/2015;18:40:00;133;com vítima;218,367;BR-393/RJ;Pista Sul;Tombamento;1;0;1;;;;1
14/09/2015;17:42:00;73;com vítima;279;BR-393/RJ;Pista Norte;Colisão lateral no sentido contrário;1;1;;;1;;2
15/09/2015;00:45:00;2;com vítima;161,935;BR-393/RJ;Pista Sul;Capotamento;1;0;1;;;;1
15/09/2015;03:22:00;13;sem vítima;279,075;BR-393/RJ;Pista Sul;Saídas de pista;1;1;;;;;1
16/09/2015;11:10:00;55;sem vítima;279,8;BR-393/RJ;Pista Sul;Colisão com veículos (traseira);1;2;;;;;1
17/09/2015;19:03:00;64;com vítima;171,4;BR-393/RJ;Pista Norte;Colisão lateral no sentido contrário;1;2;1;;;;1
19/09/2015;17:25:00;78;com vítima;124,587;BR-393/RJ;Pista Norte;Tombamento;1;0;2;;;;1
20/09/2015;14:37:00;36;com vítima;102;BR-393/RJ;Pista Norte;Colisão lateral no sentido contrário;1;1;1;;;;1
21/09/2015;07:37:00;21;sem vítima;278,926;BR-393/RJ;Pista Sul;Colisão lateral no mesmo sentido;1;3;;;;;1
23/09/2015;06:07:00;26;com vítima;151,84;BR-393/RJ;Pista Sul;Capotamento;1;0;1;;;;1
23/09/2015;13:46:00;109;sem vítima;283;BR-393/RJ;Pista Sul;Colisão lateral no mesmo sentido;1;3;;;;;1
24/09/2015;20:49:00;104;sem vítima;258,8;BR-393/RJ;Pista Sul;Atropelamento de animais;1;1;;;;;1
26/09/2015;09:23:00;22;sem vítima;284;BR-393/RJ;Pista Sul;Colisão Lateral Mesmo Sentido;1;2;;;;;1
29/09/2015;00:34:00;2;sem vítima;206;BR-393/RJ;Pista Sul;Atropelamento de animais;1;1;;;;;1
29/09/2015;18:09:00;60;com vítima;232;BR-393/RJ;Pista Norte;Colisão lateral no mesmo sentido;1;1;1;;;;1
05/10/2015;10:28:00;48;sem vítima;240,475;BR-393/RJ;Pista Sul;Colisão lateral no mesmo sentido;1;2;;;;;1
06/10/2015;05:07:00;32;com vítima;279,241;BR-393/RJ;Pista Sul;Colisão com veículos (traseira);2;0;2;;;;1
07/10/2015;15:31:00;48;sem vítima;266,3;BR-393/RJ;Pista Sul;Colisão com veículos (traseira);1;2;;;;;1
08/10/2015;08:37:00;22;com vítima;229,625;BR-393/RJ;Pista Sul;Tombamento;1;0;2;;;;1
08/10/2015;06:44:00;15;com vítima;274,162;BR-393/RJ;Pista Norte;Tombamento;2;3;1;;;;1
09/10/2015;20:31:00;89;com vítima;151;BR-393/RJ;Pista Norte;Colisão lateral no mesmo sentido;1;0;4;;;;1
13/10/2015;17:55:00;75;com vítima;121,269;BR-393/RJ;Pista Sul;Tombamento;1;0;;1;;;2
14/10/2015;10:27:00;36;com vítima;123,575;BR-393/RJ;Pista Norte;Tombamento;1;0;1;;;;1
14/10/2015;22:09:00;64;com vítima;283,3;BR-393/RJ;Pista Sul;Colisão lateral no sentido contrário;1;1;1;;;;1
22/10/2015;17:31:00;72;com vítima;184,28;BR-393/RJ;Pista Norte;Colisão com veículos (frontal);1;0;1;;1;1;3
22/10/2015;13:32:00;59;com vítima;250,036;BR-393/RJ;Pista Sul;Acidentes de outra natureza;1;3;;;;1;3
22/10/2015;15:35:00;65;com vítima;282,198;BR-393/RJ;Pista Sul;Colisão com veículos (traseira);1;0;2;;;;1
23/10/2015;12:19:00;31;sem vítima;174,524;BR-393/RJ;Pista Sul;Capotamento;1;2;;;;;1
23/10/2015;00:33:00;2;sem vítima;237,9;BR-393/RJ;Pista Sul;Atropelamento de animais;1;1;;;;;1
24/10/2015;05:10:00;18;com vítima;151,882;BR-393/RJ;Pista Sul;Tombamento;1;0;1;;;;1
24/10/2015;10:58:00;29;sem vítima;175,6;BR-393/RJ;Pista Sul;Colisão com veículos (traseira);1;2;;;;;1
03/11/2015;01:40:00;17;com vítima;284,507;BR-393/RJ;Pista Sul;Tombamento;1;0;2;;;;1
04/11/2015;08:35:00;22;com vítima;155,709;BR-393/RJ;Pista Norte;Tombamento;2;0;6;;;;1
05/11/2015;00:14:00;1;com vítima;223,2;BR-393/RJ;Pista Norte;Saídas de pista;1;0;1;;;;1
05/11/2015;14:24:00;59;com vítima;224;BR-393/RJ;Pista Norte;Colisão lateral no sentido contrário;1;0;2;;1;;2
05/11/2015;19:30:00;71;sem vítima;263,509;BR-393/RJ;Pista Sul;Colisão lateral no mesmo sentido;1;4;;;;;1
08/11/2015;20:28:00;54;sem vítima;284,4;BR-393/RJ;Pista Sul;Saídas de pista;1;1;;;;;1
12/11/2015;07:55:00;11;sem vítima;266,628;BR-393/RJ;Pista Norte;Colisão com veículos (traseira);2;2;;;;;1
12/11/2015;16:02:00;47;sem vítima;283,113;BR-393/RJ;Pista Sul;Colisão com veículos (traseira);2;2;;;;;1
13/11/2015;14:27:00;64;com vítima;274,8;BR-393/RJ;Pista Sul;Colisão lateral no mesmo sentido;1;1;2;;;;1
16/11/2015;08:12:00;31;com vítima;168,807;BR-393/RJ;Pista Sul;Colisão lateral no sentido contrário;1;0;2;;;;1
18/11/2015;17:14:00;90;com vítima;264,915;BR-393/RJ;Pista Sul;Colisão lateral no sentido contrário;1;0;2;;;;1
19/11/2015;06:58:00;33;com vítima;184,891;BR-393/RJ;Pista Norte;Colisão lateral no mesmo sentido;1;1;1;;;;1
20/11/2015;05:32:00;13;com vítima;273,92;BR-393/RJ;Pista Norte;Tombamento;1;0;1;;;;1
21/11/2015;16:54:00;51;com vítima;131,461;BR-393/RJ;Pista Norte;Tombamento;1;0;;;1;;2
22/11/2015;18:41:00;74;com vítima;151,9;BR-393/RJ;Pista Sul;Tombamento;1;0;1;;;;1
23/11/2015;08:02:00;23;com vítima;222,639;BR-393/RJ;Pista Sul;Colisão lateral no sentido contrário;1;1;1;;;;1
25/11/2015;06:34:00;11;com vítima;138,229;BR-393/RJ;Pista Sul;Capotamento;1;0;1;;;;1
30/11/2015;18:46:00;124;sem vítima;106,4;BR-393/RJ;Pista Norte;Colisão lateral no mesmo sentido;1;3;;;;;1
06/12/2015;14:36:00;38;sem vítima;265;BR-393/RJ;Pista Norte;Colisão com veículos (traseira);2;2;;;;;1
11/12/2015;14:38:00;53;sem vítima;182;BR-393/RJ;Pista Norte;Colisão com veículos (traseira);1;3;;;;;1
12/12/2015;00:41:00;13;sem vítima;102,3;BR-393/RJ;Pista Sul;Colisão lateral no sentido contrário;1;2;;;;;1
12/12/2015;23:28:00;109;com vítima;179,73;BR-393/RJ;Pista Norte;Colisão lateral no sentido contrário;1;1;4;;;;1
12/12/2015;01:11:00;14;sem vítima;242,465;BR-393/RJ;Pista Norte;Acidentes de outra natureza;1;1;;;;;1
13/12/2015;19:06:00;48;sem vítima;122,921;BR-393/RJ;Pista Sul;Tombamento;1;1;;;;;1
14/12/2015;15:09:00;53;com vítima;278,898;BR-393/RJ;Pista Sul;Engavetamento;1;2;2;;;;1
15/12/2015;15:05:00;41;sem vítima;273;BR-393/RJ;Pista Norte;Saídas de pista;1;1;;;;;1
17/12/2015;05:54:00;30;com vítima;171,175;BR-393/RJ;Pista Sul;Colisão com veículos (frontal);1;1;3;;;;1
18/12/2015;17:47:00;45;sem vítima;187,05;BR-393/RJ;Pista Norte;Colisão lateral no mesmo sentido;1;4;;;;;1
19/12/2015;15:09:00;64;sem vítima;277;BR-393/RJ;Pista Norte;Engavetamento;1;7;;;;;1
21/12/2015;16:43:00;52;com vítima;233;BR-393/RJ;Pista Sul;Colisão lateral no mesmo sentido;1;1;1;;;;1
22/12/2015;14:17:00;51;com vítima;226,134;BR-393/RJ;Pista Sul;Colisão com veículos (frontal);1;2;3;1;2;2;3
23/12/2015;21:04:00;95;com vítima;197;BR-393/RJ;Pista Norte;Colisão lateral no sentido contrário;1;2;2;;;;1
24/12/2015;10:05:00;50;sem vítima;175;BR-393/RJ;Pista Sul;Colisão com veículos (traseira);1;2;;;;;1
31/12/2015;06:46:00;16;sem vítima;122,378;BR-393/RJ;Pista Sul;Colisão c/ obstáculos;1;1;;;;;1
02/01/2016;23:26:00;65;sem vítima;146;BR-393/RJ;Pista Sul;Saídas de pista;1;1;;;;;1
02/01/2016;20:08:00;59;sem vítima;242,5;BR-393/RJ;Pista Sul;Tombamento;1;1;;;;;1
05/01/2016;23:24:00;105;com vítima;151,8;BR-393/RJ;Pista Sul;Tombamento;1;0;1;;;;1
07/01/2016;07:17:00;17;com vítima;143,298;BR-393/RJ;Pista Sul;Colisão c/ obstáculos;1;1;3;1;;;2
08/01/2016;17:46:00;72;com vítima;155;BR-393/RJ;Pista Norte;Tombamento;1;0;1;;;;1
09/01/2016;01:44:00;17;com vítima;248,912;BR-393/RJ;Pista Sul;Colisão com veículos (frontal);1;1;;;;2;3
10/01/2016;12:04:00;41;com vítima;265,206;BR-393/RJ;Pista Norte;Colisão lateral no sentido contrário;2;1;1;;;;1
13/01/2016;17:05:00;57;sem vítima;266;BR-393/RJ;Pista Sul;Colisão c/ obstáculos;1;1;;;;;1
18/01/2016;18:54:00;79;sem vítima;243,534;BR-393/RJ;Pista Sul;Colisão c/ obstáculos;1;1;;;;;1
19/01/2016;07:14:00;24;com vítima;176,978;BR-393/RJ;Pista Sul;Colisão lateral no sentido contrário;1;56;3;;;;1
20/01/2016;10:18:00;25;com vítima;164,85;BR-393/RJ;Pista Norte;Tombamento;1;0;1;;;;1
26/01/2016;23:19:00;98;com vítima;262,8;BR-393/RJ;Pista Norte;Tombamento;1;0;1;1;;;2
27/01/2016;18:25:00;68;com vítima;193;BR-393/RJ;Pista Sul;Colisão c/ obstáculos;1;0;1;;1;;2
28/01/2016;09:58:00;25;sem vítima;285;BR-393/RJ;Pista Sul;Colisão lateral no mesmo sentido;2;2;;;;;1
28/01/2016;10:40:00;31;sem vítima;285,3;BR-393/RJ;Pista Sul;Colisão com veículos (traseira);1;2;;;;;1
29/01/2016;06:36:00;42;sem vítima;215;BR-393/RJ;Pista Sul;Tombamento;1;1;;;;;1
29/01/2016;14:45:00;65;sem vítima;266;BR-393/RJ;Pista Sul;Saídas de pista;1;1;;;;;1
01/02/2016;09:07:00;16;com vítima;122;BR-393/RJ;Pista Norte;Tombamento;1;0;;1;;;2
04/02/2016;13:44:00;61;com vítima;257,268;BR-393/RJ;Pista Norte;Tombamento;1;1;1;;;;1
04/02/2016;10:45:00;39;sem vítima;265,092;BR-393/RJ;Pista Sul;Colisão com veículos (traseira);1;2;;;;;1
06/02/2016;07:21:00;41;com vítima;136,738;BR-393/RJ;Pista Norte;Acidente - Outra Natureza;1;1;1;1;;;2
06/02/2016;10:00:00;54;com vítima;151,9;BR-393/RJ;Pista Sul;Tombamento;1;0;2;;;;1
08/02/2016;21:57:00;55;sem vítima;157,9;BR-393/RJ;Pista Norte;Tombamento;1;1;;;;;1
09/02/2016;11:39:00;36;sem vítima;265;BR-393/RJ;Pista Norte;Colisão com veículos (traseira);1;2;;;;;1
17/02/2016;02:15:00;1;com vítima;104;BR-393/RJ;Pista Norte;Saídas de pista;1;0;1;;;;1
22/02/2016;18:03:00;55;com vítima;162;BR-393/RJ;Pista Sul;Acidente - Outra Natureza;1;0;2;;;;1
24/02/2016;06:04:00;10;com vítima;151,889;BR-393/RJ;Pista Sul;Tombamento;1;0;1;;;;1
25/02/2016;05:38:00;11;com vítima;208,434;BR-393/RJ;Pista Norte;Tombamento;1;0;1;;;;1
27/02/2016;08:51:00;19;sem vítima;114,286;BR-393/RJ;Pista Norte;Tombamento;1;1;;;;;1
27/02/2016;13:00:00;33;com vítima;174,384;BR-393/RJ;Pista Norte;Tombamento;1;0;1;;;;1
27/02/2016;05:43:00;14;com vítima;205,644;BR-393/RJ;Pista Sul;Saídas de pista;1;0;1;;;;1
02/03/2016;00:15:00;2;com vítima;241,901;BR-393/RJ;Pista Norte;Colisão com veículos (traseira);1;1;1;;;;1
02/03/2016;19:48:00;34;com vítima;139,6;BR-393/RJ;Pista Sul;Colisão lateral no sentido contrário;1;1;1;;;;1
03/03/2016;16:48:00;46;com vítima;241,213;BR-393/RJ;Pista Norte;Colisão com veículos (traseira);1;2;3;;;;1
06/03/2016;18:31:00;44;com vítima;220,8;BR-393/RJ;Pista Norte;Colisão com veículos (frontal);1;0;1;;;1;3
10/03/2016;05:43:00;3;sem vítima;230,011;BR-393/RJ;Pista Norte;Saídas de pista;1;1;;;;;1
10/03/2016;14:23:00;45;sem vítima;277,051;BR-393/RJ;Pista Norte;Tombamento;1;1;;;;;1
11/03/2016;19:33:00;61;com vítima;171,492;BR-393/RJ;Pista Norte;Colisão lateral no sentido contrário;1;1;2;;;;1
12/03/2016;10:27:00;35;com vítima;238,6;BR-393/RJ;Pista Norte;Colisão lateral no sentido contrário;1;1;2;;;;1
13/03/2016;16:49:00;69;com vítima;201,546;BR-393/RJ;Pista Norte;Tombamento;1;0;1;;;;1
14/03/2016;16:21:00;50;com vítima;102;BR-393/RJ;Pista Norte;Colisão lateral no sentido contrário;1;1;1;;;;1
15/03/2016;13:48:00;46;com vítima;184;BR-393/RJ;Pista Norte;Colisão lateral no sentido contrário;1;5;2;;;;1
15/03/2016;14:16:00;50;com vítima;139,381;BR-393/RJ;Pista Norte;Tombamento;1;0;;1;;;2
15/03/2016;16:04:00;56;com vítima;175,6;BR-393/RJ;Pista Norte;Tombamento;1;0;1;;;;1
16/03/2016;12:11:00;53;sem vítima;286;BR-393/RJ;Pista Norte;Colisão lateral no mesmo sentido;1;2;;;;;1
16/03/2016;14:09:00;62;com vítima;172,206;BR-393/RJ;Pista Sul;Tombamento;1;0;1;;;;1
16/03/2016;15:36:00;71;com vítima;178,197;BR-393/RJ;Pista Sul;Engavetamento;2;1;4;;;;1
17/03/2016;08:56:00;32;com vítima;170,923;BR-393/RJ;Pista Norte;Colisão com veículos (traseira);1;2;1;;;;1
17/03/2016;14:58:00;77;sem vítima;132;BR-393/RJ;Pista Norte;Engavetamento;1;4;;;;;1
18/03/2016;22:20:00;90;sem vítima;125;BR-393/RJ;Pista Norte;Colisão com veículos (frontal);1;4;;;;;1
21/03/2016;17:24:00;102;com vítima;285;BR-393/RJ;Pista Sul;Colisão com veículos (frontal);1;4;1;;;;1
24/03/2016;13:05:00;61;com vítima;114,399;BR-393/RJ;Pista Norte;Tombamento;1;0;;;;1;3
04/04/2016;16:13:00;55;sem vítima;257;BR-393/RJ;Pista Sul;Colisão com veículos (traseira);1;2;;;;;1
07/04/2016;08:19:00;27;com vítima;168,3;BR-393/RJ;Pista Norte;Colisão com veículos (traseira);1;1;1;;;;1
08/04/2016;09:06:00;24;com vítima;217;BR-393/RJ;Pista Sul;Colisão c/ obstáculos;2;1;1;;;;1
10/04/2016;16:18:00;44;com vítima;212,158;BR-393/RJ;Pista Norte;Colisão lateral no mesmo sentido;1;1;3;;;;1
13/04/2016;18:23:00;89;sem vítima;237;BR-393/RJ;Pista Sul;Colisão lateral no mesmo sentido;1;2;;;;;1
13/04/2016;19:30:00;92;com vítima;283;BR-393/RJ;Pista Norte;Colisão lateral no sentido contrário;1;1;1;2;;;2
13/04/2016;23:01:00;98;com vítima;114;BR-393/RJ;Pista Norte;Colisão c/ obstáculos;1;0;2;;;;1
15/04/2016;14:55:00;44;com vítima;182;BR-393/RJ;Pista Norte;Colisão com veículos (traseira);2;0;2;;;;1
17/04/2016;06:55:00;16;sem vítima;233,987;BR-393/RJ;Pista Sul;Acidente - Outra Natureza;1;3;;;;;1
17/04/2016;19:31:00;53;com vítima;141,502;BR-393/RJ;Pista Sul;Colisão com veículos (traseira);1;1;1;1;;;2
18/04/2016;18:38:00;100;sem vítima;283,399;BR-393/RJ;Pista Norte;Colisão lateral no mesmo sentido;1;2;;;;;1
20/04/2016;14:31:00;46;sem vítima;268,301;BR-393/RJ;Pista Sul;Colisão lateral no sentido contrário;1;2;;;;;1
29/04/2016;14:04:00;39;com vítima;257;BR-393/RJ;Pista Sul;Colisão lateral no mesmo sentido;1;1;1;;;;1
01/05/2016;00:46:00;13;sem vítima;121,191;BR-393/RJ;Pista Norte;Saida de Pista;1;1;;;;;1
04/05/2016;11:59:00;50;com vítima;286;BR-393/RJ;Pista Norte;Colisão Traseira;1;1;1;;;;1
04/05/2016;23:42:00;106;com vítima;201,376;BR-393/RJ;Pista Norte;Tombamento;1;0;;1;;;2
09/05/2016;03:55:00;15;sem vítima;220,5;BR-393/RJ;Pista Norte;Tombamento;1;1;;;;;1
09/05/2016;14:19:00;50;sem vítima;284;BR-393/RJ;Pista Norte;Abalroamento - Mesmo Sentido;1;2;;;;;1
12/05/2016;18:13:00;75;com vítima;284,2;BR-393/RJ;Pista Norte;Abalroamento - Mesmo Sentido;1;1;1;;;;1
14/05/2016;18:20:00;38;sem vítima;275;BR-393/RJ;Pista Norte;Colisão Traseira;2;3;;;;;1
18/05/2016;09:32:00;15;com vítima;139;BR-393/RJ;Pista Norte;Tombamento;1;0;;1;;;2
18/05/2016;14:20:00;31;com vítima;213;BR-393/RJ;Pista Sul;Saida de Pista;1;0;1;;;;1
19/05/2016;10:51:00;20;com vítima;124,4;BR-393/RJ;Pista Sul;Tombamento;1;0;1;;;;1
23/05/2016;00:36:00;2;com vítima;152,567;BR-393/RJ;Pista Sul;Tombamento;1;0;1;;;;1
24/05/2016;00:55:00;10;sem vítima;275,409;BR-393/RJ;Pista Sul;Choque - Poste;1;1;;;;;1
24/05/2016;19:13:00;89;com vítima;128,5;BR-393/RJ;Pista Sul;Colisão Transversal;1;0;1;;;1;3
25/05/2016;03:27:00;5;com vítima;187;BR-393/RJ;Pista Sul;Colisão Traseira;1;1;1;;;;1
30/05/2016;07:39:00;14;com vítima;254,2;BR-393/RJ;Pista Sul;Abalroamento - Mesmo Sentido;2;3;1;;;;1
30/05/2016;20:00:00;60;com vítima;218;BR-393/RJ;Pista Sul;Colisão Transversal;1;2;1;1;1;;2
02/06/2016;13:06:00;51;sem vítima;282,9;BR-393/RJ;Pista Norte;Colisão lateral no sentido contrário;1;3;;;;;1
02/06/2016;14:43:00;53;sem vítima;218,6;BR-393/RJ;Pista Norte;Colisão lateral no mesmo sentido;2;2;;;;;1
06/06/2016;08:00:00;22;sem vítima;201,43;BR-393/RJ;Pista Norte;Saídas de pista;1;2;;;;;1
11/06/2016;03:19:00;3;sem vítima;219,6;BR-393/RJ;Pista Norte;Atropelamento de animais;1;1;;;;;1
11/06/2016;06:11:00;14;com vítima;235;BR-393/RJ;Pista Norte;Colisão lateral no sentido contrário;1;1;1;;1;;2
12/06/2016;09:42:00;20;com vítima;103;BR-393/RJ;Pista Norte;Colisão lateral no sentido contrário;1;2;1;;;;1
13/06/2016;21:47:00;112;com vítima;257,1;BR-393/RJ;Pista Norte;Atropelamento de pedestre;1;2;1;;;;1
16/06/2016;10:29:00;16;com vítima;274,121;BR-393/RJ;Pista Sul;Tombamento;1;0;1;;;;1
24/06/2016;14:56:00;60;sem vítima;177,78;BR-393/RJ;Pista Norte;Colisão com veículos (traseira);1;2;;;;;1
28/06/2016;08:53:00;10;sem vítima;284,93;BR-393/RJ;Pista Norte;Colisão lateral no mesmo sentido;1;2;;;;;1
30/06/2016;08:18:00;30;sem vítima;175;BR-393/RJ;Pista Norte;Tombamento;1;1;;;;;1
02/07/2016;05:59:00;16;sem vítima;276,5;BR-393/RJ;Pista Sul;Colisão lateral no sentido contrário;1;7;;;;;1
02/07/2016;06:37:00;21;sem vítima;203,759;BR-393/RJ;Pista Sul;Colisão lateral no sentido contrário;2;2;;;;;1
02/07/2016;09:29:00;24;com vítima;136;BR-393/RJ;Pista Norte;Colisão lateral no sentido contrário;1;1;1;;;;1
03/07/2016;11:50:00;24;sem vítima;142,3;BR-393/RJ;Pista Norte;Colisão lateral no sentido contrário;1;7;;;;;1
04/07/2016;09:28:00;28;com vítima;285,5;BR-393/RJ;Pista Sul;Colisão lateral no mesmo sentido;1;2;1;;;;1
09/07/2016;16:02:00;41;sem vítima;248;BR-393/RJ;Pista Sul;Colisão lateral no mesmo sentido;1;2;;;;;1
12/07/2016;19:03:00;64;sem vítima;241;BR-393/RJ;Pista Norte;Atropelamento de animais;1;3;;;;;1
13/07/2016;12:23:00;33;com vítima;223,7;BR-393/RJ;Pista Sul;Saídas de pista;1;0;1;;;;1
14/07/2016;14:49:00;42;com vítima;236,4;BR-393/RJ;Pista Norte;Colisão com veículos (traseira);1;2;1;;;;1
17/07/2016;13:52:00;28;com vítima;151,9;BR-393/RJ;Pista Sul;Tombamento;1;0;1;;;;1
18/07/2016;09:15:00;22;com vítima;266,918;BR-393/RJ;Pista Sul;Colisão com veículos (traseira);1;1;1;;;;1
21/07/2016;15:53:00;36;com vítima;126,2;BR-393/RJ;Pista Norte;Colisão com veículos (traseira);2;0;4;;;;1
24/07/2016;16:20:00;33;sem vítima;285;BR-393/RJ;Pista Norte;Colisão lateral no mesmo sentido;1;4;;;;;1
27/07/2016;10:09:00;64;com vítima;282,612;BR-393/RJ;Pista Sul;Engavetamento;1;6;1;;;;1
27/07/2016;15:55:00;92;sem vítima;103,666;BR-393/RJ;Pista Sul;Engavetamento;1;5;;;;;1
30/07/2016;11:24:00;30;sem vítima;273,822;BR-393/RJ;Pista Sul;Colisão lateral no mesmo sentido;1;5;;;;;1
31/07/2016;16:50:00;50;com vítima;238;BR-393/RJ;Pista Norte;Colisão lateral no sentido contrário;1;2;1;;;;1
01/08/2016;10:32:00;31;com vítima;178;BR-393/RJ;Pista Norte;Colisão com veículos (traseira);1;1;2;;;;1
03/08/2016;12:34:00;48;sem vítima;234,618;BR-393/RJ;Pista Norte;Colisão com veículos (traseira);1;2;;;;;1
03/08/2016;18:27:00;81;sem vítima;281;BR-393/RJ;Pista Sul;Colisão com veículos (traseira);1;4;;;;;1
06/08/2016;18:43:00;54;sem vítima;179;BR-393/RJ;Pista Sul;Colisão com veículos (traseira);1;2;;;;;1