data;horario;n_da_ocorrencia;tipo_de_ocorrencia;km;trecho;sentido;tipo_de_acidente;caminhao;ilesos;levemente_feridos;moderadamente_feridos;gravemente_feridos;mortos;3
27/06/2017;17:03:00;61;sem vítima;257;BR-393/RJ;Pista Sul;Acidentes de outra natureza;1;2;;;;;1
27/06/2017;20:25:00;70;sem vítima;283;BR-393/RJ;Pista Norte;Engavetamento;1;4;;;;;1
28/06/2017;15:46:00;50;sem vítima;208,365;BR-393/RJ;Pista Norte;Colisão com veículos (traseira);1;3;;;;;1
29/06/2017;06:42:00;15;sem vítima;221,267;BR-393/RJ;Pista Sul;Tombamento;1;2;;;;;1
30/06/2017;09:35:00;35;sem vítima;236;BR-393/RJ;Pista Sul;Colisão com veículos (traseira);1;2;;;;;1
01/07/2017;19:40:00;60;sem vítima;285;BR-393/RJ;Pista Sul;Colisão com veículos (traseira);1;2;;;;;1
03/07/2017;19:25:00;72;com vítima;153,42;BR-393/RJ;Pista Sul;Atropelamento de animais;1;0;1;;;;1
04/07/2017;05:05:00;13;com vítima;126,302;BR-393/RJ;Pista Norte;Colisão com veículos (traseira);1;1;;1;;;2
04/07/2017;10:16:00;33;com vítima;205,962;BR-393/RJ;Pista Norte;Colisão lateral no mesmo sentido;2;3;1;1;;;2
05/07/2017;01:30:00;4;sem vítima;259,3;BR-393/RJ;Pista Sul;Colisão lateral no sentido contrário;2;2;;;;;1
06/07/2017;06:29:00;17;com vítima;208,822;BR-393/RJ;Pista Norte;Colisão lateral no sentido contrário;1;4;1;;;;1
07/07/2017;02:17:00;1;sem vítima;202,408;BR-393/RJ;Pista Norte;Colisão c/ obstáculos;1;2;;;;;1
07/07/2017;10:56:00;28;sem vítima;271,803;BR-393/RJ;Pista Norte;Colisão lateral no mesmo sentido;1;2;;;;;1
08/07/2017;05:53:00;10;sem vítima;231,3;BR-393/RJ;Pista Sul;Colisão c/ obstáculos;1;1;;;;;1
09/07/2017;21:09:00;57;com vítima;248,8;BR-393/RJ;Pista Norte;Colisão lateral no sentido contrário;1;2;1;;;;1
11/07/2017;18:28:00;48;sem vítima;282;BR-393/RJ;Pista Norte;Colisão com veículos (traseira);1;3;;;;;1
14/07/2017;15:35:00;50;com vítima;240,497;BR-393/RJ;Pista Norte;Colisão lateral no mesmo sentido;1;1;2;;;;1
14/07/2017;21:10:00;64;sem vítima;125;BR-393/RJ;Pista Sul;Colisão com veículos (traseira);1;2;;;;;1
21/07/2017;18:30:00;57;sem vítima;245,498;BR-393/RJ;Pista Norte;Colisão lateral no sentido contrário;1;5;;;;;1
21/07/2017;20:23:00;67;com vítima;281;BR-393/RJ;Pista Sul;Engavetamento;1;3;2;;;;1
25/07/2017;13:30:00;51;sem vítima;132;BR-393/RJ;Pista Norte;Colisão com veículos (traseira);1;2;;;;;1
30/07/2017;19:42:00;52;sem vítima;285,5;BR-393/RJ;Pista Norte;Colisão lateral no mesmo sentido;1;2;;;;;1
31/07/2017;18:09:00;64;com vítima;285;BR-393/RJ;Pista Sul;Colisão lateral no mesmo sentido;1;0;3;;;;1
03/08/2017;05:17:00;14;com vítima;246,2;BR-393/RJ;Pista Sul;Colisão c/ obstáculos;1;0;1;;;;1
06/08/2017;07:01:00;16;sem vítima;102;BR-393/RJ;Pista Norte;Colisão lateral no sentido contrário;1;2;;;;;1
07/08/2017;07:54:00;17;sem vítima;267;BR-393/RJ;Pista Norte;Colisão lateral no mesmo sentido;1;2;;;;;1
07/08/2017;23:28:00;75;com vítima;112,482;BR-393/RJ;Pista Sul;Colisão com veículos (traseira);1;2;1;;;;1
08/08/2017;08:03:00;23;sem vítima;126,538;BR-393/RJ;Pista Norte;Colisão com veículos (traseira);1;2;;;;;1
08/08/2017;22:26:00;62;sem vítima;265;BR-393/RJ;Pista Sul;Colisão com veículos (traseira);1;2;;;;;1
09/08/2017;15:50:00;45;com vítima;176,354;BR-393/RJ;Pista Norte;Engavetamento;2;0;3;;;;1
11/08/2017;16:19:00;59;com vítima;155,451;BR-393/RJ;Pista Norte;Capotamento;1;0;1;;;;1
12/08/2017;22:20:00;52;com vítima;171;BR-393/RJ;Pista Norte;Colisão lateral no sentido contrário;1;1;1;;;;1
14/08/2017;14:25:00;53;com vítima;117,675;BR-393/RJ;Pista Norte;Colisão lateral no sentido contrário;1;1;1;;;;1
14/08/2017;16:02:00;60;sem vítima;148,503;BR-393/RJ;Pista Norte;Saídas de pista;1;2;;;;;1
15/08/2017;05:36:00;16;sem vítima;1,551;Alça Sul;Pista Norte;Atropelamento de animais;1;1;;;;;1
16/08/2017;07:45:00;21;sem vítima;278,923;BR-393/RJ;Pista Norte;Colisão lateral no mesmo sentido;1;2;;;;;1
17/08/2017;07:24:00;15;com vítima;156,182;BR-393/RJ;Pista Norte;Colisão com veículos (frontal);2;1;2;;;2;3
18/08/2017;16:57:00;44;com vítima;178;BR-393/RJ;Pista Norte;Acidentes de outra natureza;1;0;1;;;;1
19/08/2017;07:47:00;23;sem vítima;265;BR-393/RJ;Pista Norte;Colisão lateral no mesmo sentido;1;2;;;;;1
22/08/2017;06:38:00;13;sem vítima;253,202;BR-393/RJ;Pista Sul;Colisão lateral no mesmo sentido;2;2;;;;;1
23/08/2017;07:10:00;19;com vítima;104;BR-393/RJ;Pista Norte;Colisão lateral no sentido contrário;1;1;1;;;;1
24/08/2017;17:33:00;46;com vítima;171,5;BR-393/RJ;Pista Sul;Colisão lateral no sentido contrário;1;8;;;1;1;3
25/08/2017;07:22:00;25;sem vítima;286;BR-393/RJ;Pista Sul;Colisão lateral no mesmo sentido;1;2;;;;;1
25/08/2017;09:37:00;38;sem vítima;125,6;BR-393/RJ;Pista Norte;Colisão com veículos (traseira);2;2;;;;;1
25/08/2017;18:07:00;62;com vítima;130,3;BR-393/RJ;Pista Sul;Colisão lateral no mesmo sentido;1;1;;;1;;2
29/08/2017;03:01:00;13;sem vítima;185,3;BR-393/RJ;Pista Norte;Atropelamento de animais;1;2;;;;;1
29/08/2017;14:07:00;42;sem vítima;224,694;BR-393/RJ;Pista Norte;Saídas de pista;1;1;;;;;1
01/09/2017;05:31:00;5;com vítima;156,684;BR-393/RJ;Pista Sul;Tombamento;1;0;1;;;;1
01/09/2017;09:49:00;27;sem vítima;195;BR-393/RJ;Pista Norte;Colisão com veículos (traseira);1;5;;;;;1
01/09/2017;14:02:00;42;sem vítima;285,502;BR-393/RJ;Pista Sul;Colisão lateral no mesmo sentido;1;5;;;;;1
04/09/2017;15:10:00;63;com vítima;187,244;BR-393/RJ;Pista Norte;Colisão com veículos (traseira);1;1;2;;;;1
09/09/2017;08:22:00;17;com vítima;257,946;BR-393/RJ;Pista Norte;Colisão lateral no sentido contrário;1;2;;1;;;2
13/09/2017;04:31:00;9;com vítima;121,446;BR-393/RJ;Pista Sul;Tombamento;1;0;;;;1;3
14/09/2017;14:20:00;53;com vítima;265,178;BR-393/RJ;Pista Sul;Colisão com veículos (traseira);1;0;4;;;;1
15/09/2017;13:32:00;45;com vítima;268,244;BR-393/RJ;Pista Norte;Colisão lateral no sentido contrário;1;1;1;;1;;2
15/09/2017;16:09:00;59;sem vítima;157;BR-393/RJ;Pista Sul;Colisão com veículos (traseira);1;4;;;;;1
19/09/2017;09:49:00;31;com vítima;199,627;BR-393/RJ;Pista Norte;Colisão lateral no sentido contrário;2;1;2;;;;1
20/09/2017;08:54:00;22;com vítima;266,148;BR-393/RJ;Pista Norte;Tombamento;1;0;2;;1;;2
21/09/2017;01:19:00;2;sem vítima;265;BR-393/RJ;Pista Sul;Colisão lateral no mesmo sentido;1;2;;;;;1
22/09/2017;08:31:00;14;sem vítima;283;BR-393/RJ;Pista Norte;Engavetamento;1;4;;;;;1
23/09/2017;15:58:00;45;com vítima;230,281;BR-393/RJ;Pista Sul;Colisão c/ obstáculos;1;0;1;;;;1
30/09/2017;08:27:00;18;com vítima;107;BR-393/RJ;Pista Sul;Colisão lateral no mesmo sentido;1;1;1;;;;1
30/09/2017;09:25:00;21;sem vítima;138;BR-393/RJ;Pista Sul;Colisão c/ obstáculos;1;1;;;;;1
03/10/2017;04:40:00;12;sem vítima;230;BR-393/RJ;Pista Sul;Colisão com veículos (traseira);2;2;;;;;1
04/10/2017;01:59:00;11;com vítima;236,8;BR-393/RJ;Pista Norte;Colisão com veículos (traseira);1;3;1;;;;1
06/10/2017;15:33:00;60;sem vítima;285,6;BR-393/RJ;Pista Sul;Colisão lateral no mesmo sentido;1;2;;;;;1
07/10/2017;23:41:00;59;sem vítima;211;BR-393/RJ;Pista Norte;Atropelamento de animais;1;1;;;;;1
08/10/2017;00:05:00;1;com vítima;111,6;BR-393/RJ;Pista Norte;Colisão lateral no sentido contrário;1;1;;;1;;2
08/10/2017;00:38:00;2;sem vítima;189,9;BR-393/RJ;Pista Norte;Atropelamento de animais;1;1;;;;;1
08/10/2017;17:21:00;49;com vítima;246,7;BR-393/RJ;Pista Norte;Colisão com veículos (frontal);1;2;;;;1;3
15/10/2017;15:15:00;34;sem vítima;178;BR-393/RJ;Pista Sul;Colisão com veículos (traseira);1;5;;;;;1
18/10/2017;23:32:00;81;sem vítima;195,095;BR-393/RJ;Pista Norte;Colisão lateral no mesmo sentido;1;3;;;;;1
20/10/2017;16:02:00;50;sem vítima;195;BR-393/RJ;Pista Sul;Colisão c/ obstáculos;1;1;;;;;1
23/10/2017;05:21:00;11;sem vítima;123;BR-393/RJ;Pista Sul;Colisão c/ obstáculos;1;2;;;;;1
26/10/2017;17:26:00;65;sem vítima;195;BR-393/RJ;Pista Sul;Colisão com veículos (traseira);1;3;;;;;1
27/10/2017;16:19:00;45;sem vítima;151,871;BR-393/RJ;Pista Sul;Tombamento;1;1;;;;;1
27/10/2017;16:37:00;47;sem vítima;169,23;BR-393/RJ;Pista Sul;Tombamento;1;1;;;;;1
03/11/2017;00:45:00;1;com vítima;160,027;BR-393/RJ;Pista Sul;Tombamento;1;0;1;;;;1
03/11/2017;18:03:00;53;com vítima;243,614;BR-393/RJ;Pista Sul;Tombamento;1;1;1;;;;1
06/11/2017;12:04:00;39;sem vítima;231;BR-393/RJ;Pista Norte;Colisão lateral no sentido contrário;1;2;;;;;1
09/11/2017;13:11:00;52;sem vítima;282;BR-393/RJ;Pista Norte;Colisão lateral no sentido contrário;1;2;;;;;1
10/11/2017;05:20:00;14;com vítima;181,8;BR-393/RJ;Pista Sul;Colisão com veículos (traseira);1;1;1;;;;1
13/11/2017;03:18:00;5;sem vítima;168,5;BR-393/RJ;Pista Norte;Colisão c/ obstáculos;1;1;;;;;1
13/11/2017;18:33:00;58;sem vítima;285;BR-393/RJ;Pista Norte;Engavetamento;1;3;;;;;1
14/11/2017;05:51:00;11;com vítima;264,176;BR-393/RJ;Pista Sul;Tombamento;1;0;1;;;;1
14/11/2017;09:19:00;21;sem vítima;195;BR-393/RJ;Pista Sul;Colisão c/ obstáculos;1;4;;;;;1
15/11/2017;19:56:00;70;sem vítima;285,6;BR-393/RJ;Pista Sul;Colisão lateral no mesmo sentido;1;2;;;;;1
16/11/2017;19:10:00;69;sem vítima;285,5;BR-393/RJ;Pista Norte;Colisão lateral no mesmo sentido;1;2;;;;;1
18/11/2017;11:27:00;46;sem vítima;284,5;BR-393/RJ;Pista Sul;Colisão lateral no mesmo sentido;1;3;;;;;1
19/11/2017;04:18:00;14;sem vítima;253,7;BR-393/RJ;Pista Norte;Colisão lateral no sentido contrário;1;2;;;;;1
19/11/2017;10:25:00;33;com vítima;274,138;BR-393/RJ;Pista Sul;Colisão lateral no sentido contrário;1;1;1;;;;1
24/11/2017;08:26:00;22;sem vítima;259,615;BR-393/RJ;Pista Sul;Colisão lateral no sentido contrário;2;3;;;;;1
25/11/2017;03:40:00;14;com vítima;187,613;BR-393/RJ;Pista Sul;Colisão c/ obstáculos;1;1;;1;;;2
27/11/2017;16:23:00;65;com vítima;210,835;BR-393/RJ;Pista Norte;Capotamento;1;0;;1;;;2
01/12/2017;12:00:00;57;sem vítima;254,189;BR-393/RJ;Pista Sul;Colisão lateral no mesmo sentido;2;2;;;;;1
01/12/2017;18:08:00;88;sem vítima;285,516;BR-393/RJ;Pista Sul;Colisão lateral no mesmo sentido;1;2;;;;;1
03/12/2017;01:08:00;1;com vítima;183,3;BR-393/RJ;Pista Sul;Colisão lateral no sentido contrário;1;2;1;;;;1
08/12/2017;04:17:00;13;com vítima;131,39;BR-393/RJ;Pista Norte;Tombamento;1;0;1;;;;1
09/12/2017;14:45:00;66;sem vítima;274,125;BR-393/RJ;Pista Norte;Tombamento;3;3;;;;;1
18/12/2017;06:38:00;24;com vítima;279,253;BR-393/RJ;Pista Norte;Colisão com veículos (traseira);1;1;1;;;;1
18/12/2017;07:43:00;28;com vítima;283,102;BR-393/RJ;Pista Sul;Atropelamento de pedestre;1;1;1;;;;1
18/12/2017;16:40:00;75;sem vítima;184,64;BR-393/RJ;Pista Sul;Colisão com veículos (traseira);1;2;;;;;1
21/12/2017;13:10:00;66;com vítima;102,537;BR-393/RJ;Pista Sul;Colisão lateral no mesmo sentido;1;4;1;;;;1
22/12/2017;05:27:00;16;sem vítima;232,8;BR-393/RJ;Pista Norte;Engavetamento;1;5;;;;;1
26/12/2017;18:50:00;70;com vítima;139,748;BR-393/RJ;Pista Sul;Tombamento;1;1;1;;;;1
29/12/2017;07:40:00;22;sem vítima;254,184;BR-393/RJ;Pista Sul;Colisão lateral no sentido contrário;2;9;;;;;1
30/12/2017;18:03:00;61;sem vítima;144,6;BR-393/RJ;Pista Sul;Colisão lateral no sentido contrário;1;3;;;;;1
31/12/2017;09:01:00;21;com vítima;114,412;BR-393/RJ;Pista Norte;Tombamento;1;0;1;1;;;2
02/01/2018;07:34:00;24;sem vítima;114,434;BR-393/RJ;Pista Norte;Tombamento;1;1;;;;;1
05/01/2018;12:31:00;50;sem vítima;103,878;BR-393/RJ;Pista Norte;Colisão com veículos (traseira);1;3;;;;;1
05/01/2018;17:24:00;76;sem vítima;250,897;BR-393/RJ;Pista Norte;Colisão lateral no sentido contrário;1;2;;;;;1
07/01/2018;13:52:00;40;sem vítima;121,685;BR-393/RJ;Pista Sul;Tombamento;1;1;;;;;1
07/01/2018;21:32:00;60;sem vítima;284,2;BR-393/RJ;Pista Norte;Colisão lateral no mesmo sentido;1;3;;;;;1
09/01/2018;06:12:00;17;sem vítima;184,463;BR-393/RJ;Pista Sul;Colisão lateral no sentido contrário;1;4;;;;;1
12/01/2018;16:39:00;73;sem vítima;181,27;BR-393/RJ;Pista Norte;Colisão lateral no sentido contrário;1;2;;;;;1
15/01/2018;16:04:00;67;sem vítima;210,701;BR-393/RJ;Pista Sul;Tombamento;1;1;;;;;1
15/01/2018;22:16:00;87;com vítima;181,017;BR-393/RJ;Pista Norte;Colisão com veículos (frontal);1;37;1;;;;1
17/01/2018;07:42:00;16;sem vítima;244,213;BR-393/RJ;Pista Norte;Colisão lateral no sentido contrário;1;4;;;;;1
19/01/2018;12:37:00;63;sem vítima;177,726;BR-393/RJ;Pista Sul;Colisão com veículos (traseira);1;3;;;;;1
20/01/2018;04:20:00;15;com vítima;248,902;BR-393/RJ;Pista Sul;Colisão lateral no sentido contrário;1;1;2;;;;1
21/01/2018;16:12:00;45;sem vítima;162,113;BR-393/RJ;Pista Norte;Tombamento;1;1;;;;;1
22/01/2018;18:09:00;88;com vítima;160,474;BR-393/RJ;Pista Norte;Colisão com veículos (frontal);2;1;;3;1;;2
25/01/2018;17:28:00;65;com vítima;131,211;BR-393/RJ;Pista Norte;Atropelamento de pedestre;1;1;1;;;;1
25/01/2018;18:17:00;69;sem vítima;267,6;BR-393/RJ;Pista Sul;Colisão com veículos (traseira);1;2;;;;;1
26/01/2018;13:29:00;51;com vítima;234,037;BR-393/RJ;Pista Norte;Colisão lateral no mesmo sentido;1;1;1;;;;1
27/01/2018;16:42:00;57;com vítima;242,95;BR-393/RJ;Pista Sul;Tombamento;1;0;1;;;;1
28/01/2018;01:23:00;12;com vítima;247,466;BR-393/RJ;Pista Sul;Colisão lateral no sentido contrário;1;1;2;;;;1
29/01/2018;14:50:00;53;sem vítima;185,377;BR-393/RJ;Pista Norte;Colisão com veículos (traseira);1;6;;;;;1
01/02/2018;22:25:00;92;sem vítima;285,599;BR-393/RJ;Pista Norte;Colisão lateral no mesmo sentido;1;3;;;;;1
03/02/2018;02:01:00;5;com vítima;107,915;BR-393/RJ;Pista Sul;Colisão lateral no mesmo sentido;1;2;1;;;;1
03/02/2018;04:15:00;18;com vítima;155,484;BR-393/RJ;Pista Norte;Tombamento;1;0;4;;;;1
03/02/2018;04:14:00;19;sem vítima;235,485;BR-393/RJ;Pista Sul;Atropelamento de animais;1;1;;;;;1
06/02/2018;22:01:00;86;sem vítima;286,312;BR-393/RJ;Pista Norte;Colisão com veículos (traseira);1;3;;;;;1
07/02/2018;04:00:00;8;sem vítima;238,522;BR-393/RJ;Pista Sul;Colisão lateral no sentido contrário;1;3;;;;;1
08/02/2018;08:22:00;32;sem vítima;283,775;BR-393/RJ;Pista Sul;Tombamento;1;2;;;;;1
09/02/2018;11:13:00;34;com vítima;102,944;BR-393/RJ;Pista Norte;Atropelamento de pedestre;1;1;;1;;;2
11/02/2018;12:16:00;45;com vítima;229,001;BR-393/RJ;Pista Norte;Saídas de pista;1;0;1;;;;1
14/02/2018;15:02:00;44;sem vítima;147,713;BR-393/RJ;Pista Norte;Colisão com veículos (traseira);1;3;;;;;1
20/02/2018;16:03:00;65;sem vítima;215,895;BR-393/RJ;Pista Norte;Colisão lateral no sentido contrário;1;2;;;;;1
22/02/2018;16:59:00;62;sem vítima;266,066;BR-393/RJ;Pista Norte;Colisão lateral no mesmo sentido;2;3;;;;;1
27/02/2018;12:25:00;52;sem vítima;251,851;BR-393/RJ;Pista Norte;Engavetamento;3;3;;;;;1
27/02/2018;18:29:00;75;sem vítima;266,612;BR-393/RJ;Pista Sul;Colisão lateral no sentido contrário;1;23;;;;;1
01/03/2018;08:51:00;24;sem vítima;184,83;BR-393/RJ;Pista Sul;Acidentes de outra natureza;1;1;;;;;1
01/03/2018;12:06:00;46;com vítima;151,95;BR-393/RJ;Pista Sul;Tombamento;1;0;1;;;;1
03/03/2018;18:10:00;58;sem vítima;265,6;BR-393/RJ;Pista Norte;Colisão c/ obstáculos;1;1;;;;;1
03/03/2018;20:56:00;69;sem vítima;265,6;BR-393/RJ;Pista Norte;Colisão lateral no mesmo sentido;1;4;;;;;1
08/03/2018;10:03:00;37;com vítima;259,386;BR-393/RJ;Pista Norte;Colisão lateral no sentido contrário;1;0;1;;;2;3
11/03/2018;17:28:00;58;sem vítima;138,5;BR-393/RJ;Pista Sul;Colisão c/ obstáculos;1;2;;;;;1
11/03/2018;21:01:00;69;sem vítima;268,34;BR-393/RJ;Pista Norte;Colisão lateral no sentido contrário;1;3;;;;;1
15/03/2018;19:48:00;74;sem vítima;224,663;BR-393/RJ;Pista Sul;Colisão com veículos (traseira);1;2;;;;;1
17/03/2018;12:42:00;26;com vítima;165,8;BR-393/RJ;Pista Norte;Colisão lateral no sentido contrário;1;0;3;;;;1
18/03/2018;08:17:00;26;sem vítima;161,919;BR-393/RJ;Pista Sul;Tombamento;1;1;;;;;1
20/03/2018;19:56:00;62;sem vítima;265,15;BR-393/RJ;Pista Sul;Colisão com veículos (traseira);1;2;;;;;1
23/03/2018;20:05:00;71;sem vítima;218,297;BR-393/RJ;Pista Sul;Saídas de pista;1;1;;;;;1
25/03/2018;01:20:00;5;sem vítima;140,137;BR-393/RJ;Pista Norte;Colisão c/ obstáculos;1;1;;;;;1
26/03/2018;07:52:00;17;com vítima;189,021;BR-393/RJ;Pista Norte;Colisão c/ obstáculos;1;1;;1;;;2
27/03/2018;01:46:00;3;com vítima;178,53;BR-393/RJ;Pista Norte;Colisão lateral no sentido contrário;1;1;1;;;;1
28/03/2018;05:14:00;12;com vítima;271,597;BR-393/RJ;Pista Sul;Colisão lateral no sentido contrário;1;1;;1;;;2
29/03/2018;06:57:00;19;sem vítima;134,231;BR-393/RJ;Pista Norte;Colisão com veículos (traseira);1;6;;;;;1
31/03/2018;10:43:00;20;sem vítima;107,2;BR-393/RJ;Pista Norte;Colisão lateral no mesmo sentido;1;4;;;;;1
03/04/2018;08:25:00;28;com vítima;283,58;BR-393/RJ;Pista Norte;Atropelamento de pedestre;1;2;;;1;;2
05/04/2018;01:35:00;8;sem vítima;211,704;BR-393/RJ;Pista Norte;Atropelamento de animais;1;1;;;;;1
08/04/2018;22:55:00;56;com vítima;163,929;BR-393/RJ;Pista Norte;Colisão com veículos (traseira);1;1;1;;;;1
10/04/2018;18:30:00;54;sem vítima;282;BR-393/RJ;Pista Norte;Colisão lateral no mesmo sentido;1;2;;;;;1
12/04/2018;18:47:00;64;com vítima;103,639;BR-393/RJ;Pista Norte;Colisão c/ obstáculos;1;2;;;1;1;3
14/04/2018;07:00:00;19;com vítima;161,701;BR-393/RJ;Pista Norte;Tombamento;1;0;1;;;;1
15/04/2018;19:12:00;47;sem vítima;282;BR-393/RJ;Pista Norte;Colisão lateral no sentido contrário;1;3;;;;;1
17/04/2018;19:56:00;54;com vítima;281,096;BR-393/RJ;Pista Sul;Colisão lateral no sentido contrário;1;2;1;;;;1
19/04/2018;10:52:00;34;com vítima;114,337;BR-393/RJ;Pista Norte;Colisão c/ obstáculos;1;0;1;;;;1
19/04/2018;11:57:00;40;sem vítima;286,077;BR-393/RJ;Pista Norte;Colisão com veículos (traseira);1;2;;;;;1
22/04/2018;11:20:00;28;sem vítima;146,705;BR-393/RJ;Pista Sul;Saídas de pista;1;1;;;;;1
23/04/2018;17:38:00;46;com vítima;281,199;BR-393/RJ;Pista Norte;Colisão lateral no sentido contrário;1;1;;1;;;2
23/04/2018;18:22:00;48;com vítima;179,334;BR-393/RJ;Pista Norte;Colisão lateral no sentido contrário;1;1;;1;;;2
26/04/2018;05:32:00;13;sem vítima;195,059;BR-393/RJ;Pista Norte;Colisão c/ obstáculos;1;1;;;;;1
30/04/2018;05:05:00;19;sem vítima;198,998;BR-393/RJ;Pista Sul;Colisão c/ obstáculos;1;6;;;;;1
30/04/2018;13:35:00;31;com vítima;238,63;BR-393/RJ;Pista Sul;Colisão lateral no sentido contrário;1;1;2;;;;1
30/04/2018;05:05:00;19;sem vítima;198,998;BR-393/RJ;Pista Sul;Colisão c/ obstáculos;1;6;;;;;1
30/04/2018;13:35:00;31;com vítima;238,63;BR-393/RJ;Pista Sul;Colisão lateral no sentido contrário;1;1;2;;;;1
01/05/2018;14:15:00;39;sem vítima;216,129;BR-393/RJ;Sul;Colisão lateral no mesmo sentido;2;2;;;;;1
04/05/2018;12:21:00;38;com vítima;106,595;BR-393/RJ;Sul;Colisão lateral no sentido contrário;1;1;;1;;;2
08/05/2018;09:04:00;28;sem vítima;273,033;BR-393/RJ;Norte;Saídas de pista;1;1;;;;;1
09/05/2018;10:02:00;29;com vítima;170,95;BR-393/RJ;Norte;Tombamento;1;0;1;;;;1
10/05/2018;01:39:00;11;com vítima;161,721;BR-393/RJ;Norte;Capotamento;1;0;1;;;;1
11/05/2018;12:09:00;51;sem vítima;103,907;BR-393/RJ;Norte;Colisão com veículos (traseira);1;6;;;;;1
13/05/2018;10:34:00;22;sem vítima;121,37;BR-393/RJ;Norte;Tombamento;1;2;;;;;1
14/05/2018;13:34:00;43;sem vítima;178,317;BR-393/RJ;Norte;Colisão com veículos (traseira);1;4;;;;;1
16/05/2018;18:35:00;57;com vítima;251,377;BR-393/RJ;Sul;Colisão lateral no mesmo sentido;1;1;1;;;;1
18/05/2018;08:38:00;32;sem vítima;282,354;BR-393/RJ;Norte;Colisão lateral no mesmo sentido;1;2;;;;;1
20/05/2018;12:09:00;34;sem vítima;109,617;BR-393/RJ;Norte;Colisão com veículos (traseira);1;2;;;;;1
21/05/2018;00:06:00;1;sem vítima;113,243;BR-393/RJ;Norte;Atropelamento de animais;1;1;;;;;1
22/05/2018;06:37:00;15;sem vítima;278,319;BR-393/RJ;Sul;Colisão com veículos (traseira);1;4;;;;;1
23/05/2018;11:27:00;32;sem vítima;178,543;BR-393/RJ;Norte;Colisão com veículos (traseira);1;5;;;;;1
29/05/2018;20:19:00;41;com vítima;231,626;BR-393/RJ;Sul;Colisão com veículos (traseira);1;0;2;;;;1
31/05/2018;09:45:00;23;sem vítima;254,017;BR-393/RJ;Norte;Colisão lateral no sentido contrário;1;2;;;;;1
31/05/2018;18:19:00;42;com vítima;244,402;BR-393/RJ;Norte;Colisão com veículos (traseira);2;0;2;;;;1
01/06/2018;08:16:00;22;com vítima;162,077;BR-393/RJ;Norte;Tombamento;1;0;1;;;;1
01/06/2018;18:10:00;45;sem vítima;229,607;BR-393/RJ;Norte;Colisão c/ obstáculos;1;1;;;;;1
02/06/2018;06:51:00;19;com vítima;229,502;BR-393/RJ;Norte;Colisão com veículos (traseira);1;5;2;;;;1
04/06/2018;19:36:00;52;com vítima;255,973;BR-393/RJ;Sul;Atropelamento de pedestre;1;3;;;;1;3
04/06/2018;21:47:00;56;com vítima;195,394;BR-393/RJ;Sul;Colisão com veículos (traseira);2;1;1;;;;1