data;horario;n_da_ocorrencia;tipo_de_ocorrencia;km;trecho;sentido;tipo_de_acidente;caminhao;ilesos;levemente_feridos;moderadamente_feridos;gravemente_feridos;mortos;3
07/06/2018;16:52:00;58;com vítima;244,143;BR-393/RJ;Norte;Tombamento;1;3;2;;1;;2
09/06/2018;10:10:00;36;sem vítima;265;BR-393/RJ;Sul;Colisão com veículos (traseira);1;3;;;;;1
09/06/2018;10:29:00;39;com vítima;151,876;BR-393/RJ;Sul;Tombamento;1;0;1;;;;1
21/06/2018;09:18:00;29;sem vítima;265,204;BR-393/RJ;Sul;Colisão c/ obstáculos;1;1;;;;;1
21/06/2018;18:44:00;71;com vítima;235,235;BR-393/RJ;Sul;Colisão lateral no mesmo sentido;1;1;;;1;;2
24/06/2018;17:20:00;31;com vítima;138,9;BR-393/RJ;Sul;Colisão c/ obstáculos;1;1;1;;;;1
25/06/2018;17:06:00;52;com vítima;258,712;BR-393/RJ;Norte;Colisão lateral no sentido contrário;1;1;1;;;;1
28/06/2018;13:58:00;41;com vítima;108,2;BR-393/RJ;Norte;Colisão com veículos (traseira);1;2;1;;;;1
01/07/2018;07:46:00;19;com vítima;145,797;BR-393/RJ;Norte;Tombamento;1;0;1;;;;1
01/07/2018;18:20:00;48;com vítima;171,239;BR-393/RJ;Sul;Colisão com veículos (frontal);1;0;1;;1;;2
03/07/2018;15:56:00;43;sem vítima;285;BR-393/RJ;Sul;Colisão com veículos (traseira);1;2;;;;;1
08/07/2018;07:33:00;17;com vítima;114,33;BR-393/RJ;Norte;Tombamento;1;0;1;;;;1
11/07/2018;19:48:00;56;sem vítima;230,843;BR-393/RJ;Sul;Colisão com veículos (traseira);2;4;;;;;1
13/07/2018;00:47:00;2;com vítima;112,798;BR-393/RJ;Norte;Colisão com veículos (frontal);1;0;1;;;1;3
15/07/2018;06:26:00;17;com vítima;105,607;BR-393/RJ;Norte;Colisão com veículos (frontal);1;24;;1;;;2
21/07/2018;09:36:00;22;com vítima;238,679;BR-393/RJ;Norte;Colisão lateral no sentido contrário;1;1;;;1;;2
21/07/2018;12:26:00;31;com vítima;206,582;BR-393/RJ;Norte;Colisão lateral no sentido contrário;2;2;2;;;;1
24/07/2018;13:27:00;29;com vítima;217,151;BR-393/RJ;Norte;Colisão c/ obstáculos;1;0;;1;;;2
25/07/2018;05:18:00;21;com vítima;121,488;BR-393/RJ;Sul;Tombamento;1;0;1;;;;1
25/07/2018;14:46:00;41;com vítima;255,335;BR-393/RJ;Norte;Colisão Lateral Mesmo Sentido;1;2;1;;;;1
26/07/2018;19:14:00;71;sem vítima;210,325;BR-393/RJ;Sul;Atropelamento de animais;1;3;;;;;1
27/07/2018;08:45:00;19;sem vítima;283;BR-393/RJ;Norte;Colisão com veículos (frontal);1;2;;;;;1
01/08/2018;16:15:00;50;sem vítima;254,099;BR-393/RJ;Sul;Tombamento;1;1;;;;;1
01/08/2018;16:29:00;51;sem vítima;278,137;BR-393/RJ;Sul;Colisão com veículos (traseira);2;2;;;;;1
02/08/2018;14:06:00;42;sem vítima;164,75;BR-393/RJ;Norte;Tombamento;1;1;;;;;1
03/08/2018;19:23:00;62;com vítima;228,134;BR-393/RJ;Sul;Colisão com veículos (frontal);1;1;;;1;;2
03/08/2018;22:35:00;66;sem vítima;179,312;BR-393/RJ;Norte;Colisão com veículos (traseira);1;4;;;;;1
04/08/2018;17:29:00;54;com vítima;124,599;BR-393/RJ;Norte;Tombamento;1;0;1;;;;1
05/08/2018;22:13:00;52;sem vítima;218,295;BR-393/RJ;Sul;Colisão c/ obstáculos;1;1;;;;;1
07/08/2018;06:49:00;15;com vítima;285,41;BR-393/RJ;Norte;Colisão lateral no sentido contrário;1;3;2;;;;1
07/08/2018;07:50:00;16;com vítima;171,337;BR-393/RJ;Norte;Saídas de pista;1;0;2;;;;1
15/08/2018;00:44:00;2;com vítima;258,514;BR-393/RJ;Sul;Colisão lateral no sentido contrário;1;2;2;;;;1
16/08/2018;20:19:00;57;com vítima;214,844;BR-393/RJ;Sul;Colisão lateral no sentido contrário;1;1;;2;;;2
16/08/2018;21:52:00;58;com vítima;129,105;BR-393/RJ;Sul;Atropelamento de pedestre;1;0;2;;;1;3
22/08/2018;03:08:00;4;sem vítima;206,308;BR-393/RJ;Sul;Colisão c/ obstáculos;1;1;;;;;1
22/08/2018;19:00:00;64;com vítima;125,8;BR-393/RJ;Norte;Colisão com veículos (traseira);1;1;1;;;;1
23/08/2018;12:11:00;38;com vítima;202,548;BR-393/RJ;Sul;Colisão com veículos (traseira);1;0;5;;;;1
26/08/2018;17:17:00;42;sem vítima;238,685;BR-393/RJ;Norte;Colisão lateral no sentido contrário;1;4;;;;;1
27/08/2018;10:03:00;35;com vítima;144,337;BR-393/RJ;Sul;Colisão lateral no sentido contrário;1;0;1;;1;;2
27/08/2018;14:12:00;47;sem vítima;263,045;BR-393/RJ;Sul;Colisão c/ obstáculos;2;2;;;;;1
29/08/2018;06:15:00;19;com vítima;153,583;BR-393/RJ;Sul;Tombamento;1;0;1;;;1;3
30/08/2018;19:32:00;78;sem vítima;134,113;BR-393/RJ;Norte;Colisão lateral no sentido contrário;1;4;;;;;1
03/09/2018;10:22:00;27;com vítima;200,468;BR-393/RJ;Norte;Colisão lateral no sentido contrário;1;0;2;;;;1
03/09/2018;12:15:00;32;sem vítima;136,502;BR-393/RJ;Norte;Colisão lateral no mesmo sentido;1;2;;;;;1
04/09/2018;04:05:00;10;com vítima;139,5;BR-393/RJ;Sul;Saídas de pista;1;0;1;;;;1
06/09/2018;15:43:00;53;com vítima;103,79;BR-393/RJ;Norte;Colisão com veículos (frontal);1;1;;;1;1;3
06/09/2018;18:50:00;68;sem vítima;267,734;BR-393/RJ;Norte;Atropelamento de animais;1;1;;;;;1
08/09/2018;20:02:00;56;sem vítima;284,225;BR-393/RJ;Norte;Colisão lateral no mesmo sentido;1;2;;;;;1
09/09/2018;17:19:00;43;com vítima;252,389;BR-393/RJ;Norte;Colisão lateral no sentido contrário;1;1;2;1;;;2
10/09/2018;18:31:00;52;sem vítima;130,361;BR-393/RJ;Sul;Saida de Pista;1;1;;;;;1
11/09/2018;23:57:00;111;com vítima;224,408;BR-393/RJ;Norte;Colisão lateral no sentido contrário;1;0;2;;;;1
14/09/2018;22:23:00;89;sem vítima;265;BR-393/RJ;Sul;Engavetamento;1;7;;;;;1
15/09/2018;01:39:00;3;com vítima;108,232;BR-393/RJ;Norte;Colisão c/ obstáculos;1;0;;1;;;2
21/09/2018;09:01:00;25;sem vítima;155,5;BR-393/RJ;Norte;Colisão com veículos (traseira);2;2;;;;;1
21/09/2018;14:40:00;38;sem vítima;159;BR-393/RJ;Norte;Colisão lateral no mesmo sentido;2;3;;;;;1
21/09/2018;18:39:00;54;com vítima;125,858;BR-393/RJ;Sul;Colisão com veículos (traseira);1;3;1;;;;1
22/09/2018;16:31:00;42;sem vítima;254;BR-393/RJ;Sul;Colisão lateral no mesmo sentido;1;3;;;;;1
22/09/2018;21:51:00;56;com vítima;282,9;BR-393/RJ;Sul;Atropelamento de pedestre;1;1;;;1;;2
23/09/2018;09:40:00;30;sem vítima;167,729;BR-393/RJ;Norte;Engavetamento;1;5;;;;;1
24/09/2018;08:07:00;29;com vítima;286,001;BR-393/RJ;Norte;Colisão lateral no mesmo sentido;1;1;1;;;;1
26/09/2018;07:37:00;20;sem vítima;177,794;BR-393/RJ;Norte;Colisão com veículos (traseira);1;2;;;;;1
26/09/2018;19:21:00;79;com vítima;179,3;BR-393/RJ;Sul;Colisão com veículos (traseira);1;1;;1;;;2
28/09/2018;18:40:00;44;sem vítima;254,465;BR-393/RJ;Sul;Colisão lateral no sentido contrário;1;2;;;;;1
28/09/2018;19:02:00;47;com vítima;133;BR-393/RJ;Sul;Colisão lateral no sentido contrário;1;1;1;;;;1
01/10/2018;22:08:00;68;sem vítima;125;BR-393/RJ;Norte;Colisão com veículos (traseira);1;2;;;;;1
02/10/2018;03:54:00;2;sem vítima;249,025;BR-393/RJ;Sul;Colisão c/ obstáculos;1;1;;;;;1
02/10/2018;10:58:00;25;sem vítima;106,962;BR-393/RJ;Norte;Colisão com veículos (traseira);2;2;;;;;1
02/10/2018;17:52:00;50;com vítima;103;BR-393/RJ;Norte;Colisão lateral no sentido contrário;1;1;1;1;;;2
03/10/2018;15:22:00;43;sem vítima;178,226;BR-393/RJ;Sul;Colisão com veículos (traseira);1;3;;;;;1
04/10/2018;19:17:00;70;com vítima;142,8;BR-393/RJ;Norte;Colisão lateral no sentido contrário;1;1;2;;;;1
05/10/2018;13:37:00;48;com vítima;175,53;BR-393/RJ;Norte;Colisão lateral no mesmo sentido;1;0;2;;;;1
05/10/2018;15:54:00;54;com vítima;274,2;BR-393/RJ;Norte;Tombamento;1;0;2;;;;1
06/10/2018;06:34:00;15;sem vítima;275,4;BR-393/RJ;Sul;Colisão lateral no sentido contrário;2;2;;;;;1
07/10/2018;18:10:00;45;com vítima;238,587;BR-393/RJ;Norte;Colisão lateral no sentido contrário;1;0;3;;;;1
08/10/2018;09:28:00;25;sem vítima;283,112;BR-393/RJ;Norte;Colisão lateral no sentido contrário;1;2;;;;;1
10/10/2018;23:25:00;68;sem vítima;280,077;BR-393/RJ;Norte;Colisão com veículos (traseira);1;2;;;;;1
12/10/2018;21:07:00;49;com vítima;114,369;BR-393/RJ;Norte;Tombamento;1;0;1;;;;1
18/10/2018;10:33:00;30;sem vítima;265;BR-393/RJ;Norte;Colisão c/ obstáculos;1;1;;;;;1
19/10/2018;12:00:00;38;sem vítima;132;BR-393/RJ;Sul;Colisão lateral no mesmo sentido;1;4;;;;;1
20/10/2018;13:43:00;32;sem vítima;271,953;BR-393/RJ;Sul;Colisão c/ obstáculos;1;7;;;;;1
21/10/2018;13:23:00;44;com vítima;155,528;BR-393/RJ;Norte;Tombamento;1;0;1;;;;1
23/10/2018;12:26:00;40;com vítima;167;BR-393/RJ;Norte;Colisão com veículos (traseira);1;2;1;;;;1
24/10/2018;02:06:00;10;com vítima;207,093;BR-393/RJ;Sul;Saida de Pista;1;0;2;;;;1
24/10/2018;12:19:00;43;com vítima;274,098;BR-393/RJ;Sul;Tombamento;1;0;;2;;;2
25/10/2018;08:05:00;21;com vítima;181,61;BR-393/RJ;Norte;Engavetamento;2;0;3;;;;1
25/10/2018;08:53:00;23;com vítima;110,2;BR-393/RJ;Sul;Saida de Pista;1;0;1;;;;1
25/10/2018;11:59:00;29;com vítima;262,992;BR-393/RJ;Norte;Colisão lateral no mesmo sentido;1;1;;;2;;2
25/10/2018;14:00:00;35;sem vítima;265,072;BR-393/RJ;Sul;Colisão com veículos (traseira);1;2;;;;;1
25/10/2018;15:25:00;37;com vítima;153,639;BR-393/RJ;Norte;Capotamento;1;0;2;;;;1
25/10/2018;21:33:00;54;com vítima;252,384;BR-393/RJ;Sul;Colisão lateral no sentido contrário;1;1;1;;;;1
26/10/2018;03:13:00;6;sem vítima;191,613;BR-393/RJ;Norte;Saida de Pista;1;1;;;;;1
29/10/2018;06:54:00;18;sem vítima;204,538;BR-393/RJ;Norte;Tombamento;1;1;;;;;1
29/10/2018;10:17:00;25;sem vítima;182,43;BR-393/RJ;Sul;Colisão c/ obstáculos;1;1;;;;;1
30/10/2018;11:48:00;34;com vítima;155;BR-393/RJ;Norte;Colisão lateral no sentido contrário;1;2;1;1;;;2
04/11/2018;16:29:00;46;com vítima;131,442;BR-393/RJ;Sul;Tombamento;1;0;1;;;;1
05/11/2018;14:37:00;37;com vítima;213;BR-393/RJ;Sul;Colisão lateral no sentido contrário;1;1;2;;;;1
06/11/2018;18:31:00;59;com vítima;282,592;BR-393/RJ;Norte;Colisão com veículos (frontal);1;2;2;;;;1
07/11/2018;08:22:00;25;sem vítima;182;BR-393/RJ;Norte;Colisão lateral no mesmo sentido;1;2;;;;;1
12/11/2018;12:26:00;32;com vítima;139,74;BR-393/RJ;Sul;Tombamento;1;0;1;;;;1
14/11/2018;22:59:00;90;sem vítima;178,3;BR-393/RJ;Norte;Colisão com veículos (traseira);2;2;;;;;1
15/11/2018;09:28:00;26;sem vítima;281,445;BR-393/RJ;Norte;Colisão lateral no sentido contrário;1;2;;;;;1
19/11/2018;00:03:00;1;com vítima;252,595;BR-393/RJ;Sul;Colisão lateral no sentido contrário;1;0;2;;;;1
19/11/2018;14:48:00;43;com vítima;133,9;BR-393/RJ;Sul;Engavetamento;2;3;1;;;;1
22/11/2018;06:50:00;14;com vítima;164,9;BR-393/RJ;Norte;Tombamento;1;0;1;;;;1
25/11/2018;00:56:00;3;sem vítima;274,791;BR-393/RJ;Norte;Colisão lateral no mesmo sentido;1;2;;;;;1
25/11/2018;20:11:00;66;sem vítima;184,985;BR-393/RJ;Norte;Saídas de pista;1;1;;;;;1
26/11/2018;08:49:00;22;com vítima;226,851;BR-393/RJ;Sul;Capotamento;2;1;2;;;;1
27/11/2018;13:10:00;49;com vítima;285,484;BR-393/RJ;Norte;Colisão com veículos (traseira);1;1;1;;;;1
28/11/2018;16:18:00;49;com vítima;238,863;BR-393/RJ;Norte;Colisão lateral no sentido contrário;1;0;5;;;;1
30/11/2018;16:02:00;70;sem vítima;281,9;BR-393/RJ;Sul;Engavetamento;1;6;;;;;1
01/12/2018;02:11:00;5;sem vítima;123,2;BR-393/RJ;Sul;Colisão c/ obstáculos;1;1;;;;;1
01/12/2018;19:27:00;59;sem vítima;241,279;BR-393/RJ;Sul;Colisão lateral no sentido contrário;1;3;;;;;1
05/12/2018;00:48:00;6;com vítima;241,325;BR-393/RJ;Norte;Colisão c/ obstáculos;2;0;2;;1;;2
05/12/2018;10:57:00;37;sem vítima;146,653;BR-393/RJ;Sul;Tombamento;1;1;;;;;1
05/12/2018;16:38:00;54;sem vítima;125;BR-393/RJ;Norte;Colisão com veículos (traseira);1;4;;;;;1
07/12/2018;07:25:00;22;com vítima;263,866;BR-393/RJ;Sul;Colisão com veículos (frontal);1;0;1;;;3;3
07/12/2018;18:00:00;62;sem vítima;238,1;BR-393/RJ;Norte;Colisão Lateral Mesmo Sentido;1;2;;;;;1
09/12/2018;01:49:00;4;com vítima;157,98;BR-393/RJ;Sul;Colisão com veículos (frontal);1;0;2;;1;;2
11/12/2018;22:37:00;84;sem vítima;253,6;BR-393/RJ;Norte;Colisão c/ obstáculos;1;1;;;;;1
12/12/2018;08:31:00;27;sem vítima;281,858;BR-393/RJ;Norte;Colisão c/ obstáculos;1;1;;;;;1
13/12/2018;06:32:00;23;sem vítima;125;BR-393/RJ;Sul;Colisão com veículos (traseira);2;2;;;;;1
15/12/2018;21:10:00;93;com vítima;201,317;BR-393/RJ;Sul;Colisão c/ obstáculos;1;2;3;;;;1
16/12/2018;15:50:00;59;sem vítima;142,4;BR-393/RJ;Sul;Colisão com veículos (traseira);1;5;;;;;1
19/12/2018;14:52:00;55;com vítima;234,979;BR-393/RJ;Norte;Tombamento;1;0;1;;;;1
24/12/2018;07:37:00;16;com vítima;139,519;BR-393/RJ;Norte;Colisão c/ obstáculos;1;0;1;;;;1
24/12/2018;11:14:00;27;com vítima;284,365;BR-393/RJ;Sul;Engavetamento;1;2;1;;;;1
25/12/2018;22:40:00;55;com vítima;164,791;BR-393/RJ;Norte;Tombamento;1;0;;1;;;2
28/12/2018;19:18:00;67;sem vítima;170,955;BR-393/RJ;Sul;Tombamento;1;1;;;;;1
28/12/2018;23:54:00;79;com vítima;279,174;BR-393/RJ;Norte;Colisão com veículos (traseira);1;1;2;;;;1
29/12/2018;11:42:00;38;sem vítima;284,056;BR-393/RJ;Norte;Engavetamento;1;4;;;;;1
03/01/2019;14:32:00;49;com vítima;106,5;BR-393/RJ;Norte;Colisão Traseira;1;2;1;;;;1
04/01/2019;19:01:00;77;sem vítima;266,711;BR-393/RJ;Norte;Colisão Lateral Mesmo Sentido;1;2;;;;;1
11/01/2019;13:56:00;49;com vítima;106;BR-393/RJ;Sul;Colisão Lateral Mesmo Sentido;1;2;1;;;;1
13/01/2019;12:03:00;31;com vítima;128,188;BR-393/RJ;Sul;Derramamento de Carga;1;0;1;;;;1
16/01/2019;16:35:00;63;com vítima;174,9;BR-393/RJ;Sul;Colisão Frontal;2;2;;;1;;2
18/01/2019;18:22:00;60;com vítima;161,731;BR-393/RJ;Norte;Tombamento;1;0;;;1;;2
18/01/2019;19:28:00;61;sem vítima;104,087;BR-393/RJ;Norte;Choque - Defensa, barreira ou "submarino";1;2;;;;;1
22/01/2019;13:56:00;53;sem vítima;195;BR-393/RJ;Norte;Colisão Traseira;1;6;;;;;1
23/01/2019;16:54:00;61;sem vítima;255;BR-393/RJ;Norte;Colisão Traseira;1;4;;;;;1
24/01/2019;07:53:00;23;sem vítima;125,6;BR-393/RJ;Norte;Colisão Traseira;1;7;;;;;1
24/01/2019;09:00:00;31;sem vítima;190;BR-393/RJ;Sul;Colisão Traseira;1;2;;;;;1
31/01/2019;14:17:00;49;com vítima;171,504;BR-393/RJ;Sul;Colisão Lateral Mesmo Sentido;1;1;1;;;;1
02/02/2019;07:37:00;20;com vítima;160,486;BR-393/RJ;Norte;Colisão com veículos (traseira);2;0;2;;;;1
02/02/2019;09:46:00;27;com vítima;155,467;BR-393/RJ;Norte;Capotamento;1;0;1;;;;1
02/02/2019;21:19:00;69;sem vítima;284,747;BR-393/RJ;Norte;Colisão lateral no mesmo sentido;1;3;;;;;1
04/02/2019;20:15:00;66;sem vítima;281,261;BR-393/RJ;Norte;Colisão com veículos (traseira);1;2;;;;;1
05/02/2019;02:58:00;4;sem vítima;175,836;BR-393/RJ;Norte;Colisão c/ obstáculos;1;1;;;;;1
05/02/2019;03:49:00;7;sem vítima;153,72;BR-393/RJ;Norte;Colisão c/ obstáculos;1;1;;;;;1
06/02/2019;00:55:00;3;sem vítima;201,145;BR-393/RJ;Norte;Atropelamento de animais;1;1;;;;;1
06/02/2019;09:13:00;18;com vítima;241,202;BR-393/RJ;Norte;Colisão com veículos (traseira);1;1;1;1;;;2
06/02/2019;16:40:00;39;com vítima;238,64;BR-393/RJ;Sul;Colisão lateral no sentido contrário;1;1;1;;1;;2
07/02/2019;00:43:00;1;com vítima;156,8;BR-393/RJ;Sul;Colisão com veículos (frontal);1;1;;;1;;2
07/02/2019;23:06:00;66;com vítima;215,394;BR-393/RJ;Sul;Atropelamento de pedestre;1;0;2;;;;1
08/02/2019;22:39:00;77;sem vítima;279,691;BR-393/RJ;Sul;Colisão com veículos (traseira);1;2;;;;;1
10/02/2019;02:25:00;7;sem vítima;136,376;BR-393/RJ;Sul;Colisão lateral no sentido contrário;1;2;;;;;1
11/02/2019;10:53:00;24;sem vítima;238,374;BR-393/RJ;Norte;Colisão lateral no mesmo sentido;1;2;;;;;1
12/02/2019;21:54:00;66;com vítima;236,711;BR-393/RJ;Norte;Colisão lateral no sentido contrário;1;1;1;;;;1
15/02/2019;04:15:00;4;sem vítima;193,3;BR-393/RJ;Norte;Atropelamento de animais;1;1;;;;;1
16/02/2019;16:47:00;48;com vítima;278,838;BR-393/RJ;Sul;Colisão com veículos (traseira);2;1;1;;;;1
17/02/2019;17:13:00;61;sem vítima;140,777;BR-393/RJ;Sul;Saídas de pista;1;1;;;;;1
19/02/2019;19:00:00;77;sem vítima;182,436;BR-393/RJ;Sul;Colisão c/ obstáculos;1;1;;;;;1
19/02/2019;19:14:00;78;com vítima;174,319;BR-393/RJ;Sul;Acidentes de outra natureza;1;1;1;;;;1
20/02/2019;00:33:00;1;sem vítima;158,232;BR-393/RJ;Norte;Colisão com veículos (traseira);2;2;;;;;1
20/02/2019;19:15:00;64;com vítima;155,442;BR-393/RJ;Norte;Colisão com veículos (frontal);1;1;1;1;;;2
21/02/2019;12:42:00;49;com vítima;265;BR-393/RJ;Sul;Colisão com veículos (traseira);1;0;3;;;;1
21/02/2019;15:32:00;63;com vítima;236,758;BR-393/RJ;Norte;Colisão lateral no mesmo sentido;2;1;3;;;;1
23/02/2019;11:21:00;33;sem vítima;273,844;BR-393/RJ;Norte;Tombamento;1;1;;;;;1
26/02/2019;02:16:00;8;sem vítima;155,1;BR-393/RJ;Norte;Colisão c/ obstáculos;1;1;;;;;1
26/02/2019;14:24:00;59;com vítima;117;BR-393/RJ;Norte;Colisão com veículos (frontal);1;0;1;;;1;3
01/03/2019;21:16:00;84;sem vítima;282,29;BR-393/RJ;Sul;Colisão com veículos (traseira);2;2;;;;;1
01/03/2019;22:12:00;88;sem vítima;243,6;BR-393/RJ;Norte;Acidentes de outra natureza;1;1;;;;;1
02/03/2019;12:53:00;49;sem vítima;229,045;BR-393/RJ;Norte;Colisão lateral no mesmo sentido;2;6;;;;;1
02/03/2019;15:13:00;64;sem vítima;155,474;BR-393/RJ;Norte;Tombamento;1;1;;;;;1
08/03/2019;20:04:00;81;sem vítima;238,672;BR-393/RJ;Sul;Colisão Transversal;1;4;;;;;1
09/03/2019;22:44:00;87;com vítima;132,29;BR-393/RJ;Sul;Colisão com veículos (traseira);1;1;;1;;;2
10/03/2019;14:27:00;44;com vítima;151,839;BR-393/RJ;Norte;Tombamento;1;0;1;;;;1
12/03/2019;12:15:00;50;com vítima;240,598;BR-393/RJ;Sul;Colisão lateral no mesmo sentido;1;1;1;;;;1
12/03/2019;16:02:00;64;sem vítima;237,692;BR-393/RJ;Norte;Colisão com veículos (traseira);1;2;;;;;1
13/03/2019;16:30:00;68;com vítima;238,722;BR-393/RJ;Sul;Colisão Transversal;1;1;2;2;;;2
19/03/2019;10:06:00;35;sem vítima;195;BR-393/RJ;Sul;Colisão com veículos (traseira);2;2;;;;;1
19/03/2019;12:40:00;46;com vítima;155,464;BR-393/RJ;Norte;Tombamento;1;0;1;;;;1
19/03/2019;13:24:00;48;sem vítima;150,539;BR-393/RJ;Norte;Tombamento;1;3;;;;;1
20/03/2019;04:25:00;4;com vítima;223,689;BR-393/RJ;Norte;Tombamento;1;0;1;;;;1
20/03/2019;17:11:00;60;com vítima;280,166;BR-393/RJ;Sul;Atropelamento de pedestre;1;1;1;;;;1
21/03/2019;09:18:00;31;sem vítima;251,192;BR-393/RJ;Norte;Colisão com veículos (traseira);1;2;;;;;1
22/03/2019;03:14:00;2;com vítima;244,485;BR-393/RJ;Norte;Capotamento;1;0;1;;;;1
23/03/2019;13:40:00;36;com vítima;151,789;BR-393/RJ;Sul;Tombamento;1;0;1;;;;1
28/03/2019;10:43:00;34;com vítima;131,397;BR-393/RJ;Norte;Tombamento;1;0;1;;;;1
02/04/2019;08:59:00;25;com vítima;156,074;BR-393/RJ;RJ;Norte;1;2;1;;;;1
02/04/2019;19:17:00;66;sem vítima;281;BR-393/RJ;RJ;Norte;1;2;;;;;1
03/04/2019;23:14:00;74;sem vítima;230,755;BR-393/RJ;RJ;Sul;1;1;;;;;1
05/04/2019;12:35:00;44;com vítima;168;BR-393/RJ;RJ;Norte;1;1;;;3;;2
05/04/2019;22:28:00;82;sem vítima;243,404;BR-393/RJ;RJ;Norte;1;2;;;;;1
06/04/2019;03:40:00;15;sem vítima;246,173;BR-393/RJ;RJ;Sul;1;1;;;;;1
08/04/2019;14:36:00;57;com vítima;171;BR-393/RJ;RJ;Norte;2;0;3;1;;;2
13/04/2019;18:27:00;44;sem vítima;280;BR-393/RJ;RJ;Norte;1;2;;;;;1
13/04/2019;21:40:00;52;com vítima;114,969;BR-393/RJ;RJ;Norte;1;1;;1;;;2
16/04/2019;10:11:00;30;sem vítima;133,742;BR-393/RJ;RJ;Sul;2;2;;;;;1
17/04/2019;12:11:00;32;com vítima;251,823;BR-393/RJ;RJ;Norte;2;1;;;;1;3
17/04/2019;12:24:00;33;com vítima;131,376;BR-393/RJ;RJ;Sul;1;0;1;;;;1
18/04/2019;10:46:00;30;sem vítima;282,483;BR-393/RJ;RJ;Norte;1;2;;;;;1
18/04/2019;11:33:00;33;sem vítima;133,483;BR-393/RJ;RJ;Norte;1;2;;;;;1
19/04/2019;11:17:00;41;sem vítima;204,094;BR-393/RJ;RJ;Norte;1;2;;;;;1
21/04/2019;07:39:00;28;sem vítima;170,9;BR-393/RJ;RJ;Norte;1;1;;;;;1
23/04/2019;22:16:00;66;com vítima;192,35;BR-393/RJ;RJ;Sul;1;2;1;;;;1
24/04/2019;15:37:00;46;com vítima;179,347;BR-393/RJ;RJ;Sul;1;0;;;;1;3
25/04/2019;15:15:00;41;com vítima;124,431;BR-393/RJ;RJ;Sul;1;0;2;;;;1
26/04/2019;19:30:00;60;sem vítima;175,889;BR-393/RJ;RJ;Sul;1;2;;;;;1
28/04/2019;17:18:00;39;sem vítima;178;BR-393/RJ;RJ;Norte;1;1;;;;;1
30/04/2019;07:40:00;19;com vítima;259,179;BR-393/RJ;RJ;Sul;1;3;2;;;;1
05/05/2019;20:07:00;59;com vítima;168,8;BR-393/RJ;RJ;Sul;1;4;1;;;;1
07/05/2019;08:29:00;18;com vítima;178,572;BR-393/RJ;RJ;Sul;1;0;2;;;;1
08/05/2019;00:45:00;2;sem vítima;217,835;BR-393/RJ;RJ;Sul;1;1;;;;;1
08/05/2019;14:02:00;42;sem vítima;129;BR-393/RJ;RJ;Norte;1;1;;;;;1
14/05/2019;18:15:00;48;com vítima;157,849;BR-393/RJ;RJ;Norte;1;5;1;;;;1
15/05/2019;13:06:00;42;com vítima;155,465;BR-393/RJ;RJ;Norte;1;0;1;;;;1
18/05/2019;16:43:00;41;com vítima;282,875;BR-393/RJ;RJ;Norte;1;1;1;;;;1
23/05/2019;16:32:00;59;com vítima;246,269;BR-393/RJ;RJ;Sul;1;0;;;1;;2
23/05/2019;17:00:00;61;com vítima;121,186;BR-393/RJ;RJ;Norte;1;0;1;;;;1
28/05/2019;04:43:00;4;com vítima;263,129;BR-393/RJ;RJ;Sul;2;0;3;;;3;3
31/05/2019;08:52:00;28;sem vítima;231,663;BR-393/RJ;RJ;Norte;2;2;;;;;1
31/05/2019;21:51:00;84;com vítima;213,037;BR-393/RJ;RJ;Norte;2;2;;;;2;3
01/06/2019;09:22:00;23;com vítima;195;BR-393/RJ;RJ;Norte;2;5;2;;;;1