data;horario;n_da_ocorrencia;tipo_de_ocorrencia;km;trecho;sentido;tipo_de_acidente;caminhao;ilesos;levemente_feridos;moderadamente_feridos;gravemente_feridos;mortos;3
04/06/2019;08:07:00;21;sem vítima;281;BR-393/RJ;RJ;Norte;1;2;;;;;1
04/06/2019;16:56:00;45;com vítima;182,286;BR-393/RJ;RJ;Norte;1;0;4;;;;1
05/06/2019;19:49:00;78;sem vítima;118,9;BR-393/RJ;RJ;Sul;2;3;;;;;1
07/06/2019;13:08:00;39;sem vítima;118,132;BR-393/RJ;RJ;Sul;2;2;;;;;1
08/06/2019;15:12:00;44;com vítima;121,426;BR-393/RJ;RJ;Norte;4;3;1;;;;1
10/06/2019;07:35:00;28;sem vítima;281;BR-393/RJ;RJ;Norte;1;4;;;;;1
13/06/2019;02:56:00;5;com vítima;253,122;BR-393/RJ;RJ;Norte;2;0;10;;;;1
16/06/2019;21:21:00;60;com vítima;232,61;BR-393/RJ;RJ;Sul;1;0;1;;;1;3
19/06/2019;09:55:00;26;sem vítima;195,052;BR-393/RJ;RJ;Norte;1;3;;;;;1
25/06/2019;07:01:00;13;com vítima;154;BR-393/RJ;RJ;Sul;1;1;;1;;;2
25/06/2019;16:42:00;60;sem vítima;234;BR-393/RJ;RJ;Sul;1;3;;;;;1
25/06/2019;18:39:00;69;sem vítima;151;BR-393/RJ;RJ;Sul;2;2;;;;;1
26/06/2019;21:41:00;88;sem vítima;178,266;BR-393/RJ;RJ;Norte;1;2;;;;;1
27/06/2019;02:35:00;11;sem vítima;169,325;BR-393/RJ;RJ;Sul;1;1;;;;;1
30/06/2019;07:10:00;29;com vítima;190,45;BR-393/RJ;RJ;Norte;1;0;1;;1;;2
02/07/2019;10:16:00;24;sem vítima;195,003;BR-393/RJ;RJ;Sul;1;2;;;;;1
04/07/2019;09:13:00;22;com vítima;114,018;BR-393/RJ;RJ;Norte;1;0;1;;;;1
04/07/2019;16:03:00;61;com vítima;227,5;BR-393/RJ;RJ;Norte;1;0;1;;;;1
05/07/2019;14:20:00;36;com vítima;161,945;BR-393/RJ;RJ;Sul;1;0;1;;;;1
09/07/2019;10:36:00;32;sem vítima;178,571;BR-393/RJ;RJ;Norte;1;2;;;;;1
10/07/2019;02:03:00;3;com vítima;114,7;BR-393/RJ;RJ;Norte;1;0;;1;;;2
11/07/2019;02:15:00;4;com vítima;130,291;BR-393/RJ;RJ;Sul;1;0;1;;;;1
11/07/2019;09:27:00;22;sem vítima;282,6;BR-393/RJ;RJ;Norte;1;2;;;;;1
11/07/2019;10:31:00;26;sem vítima;279,306;BR-393/RJ;RJ;Norte;1;2;;;;;1
12/07/2019;16:19:00;64;sem vítima;125,6;BR-393/RJ;RJ;Norte;1;2;;;;;1
12/07/2019;17:29:00;72;sem vítima;285,458;BR-393/RJ;RJ;Norte;1;7;;;;;1
15/07/2019;13:46:00;56;com vítima;274,085;BR-393/RJ;RJ;Sul;1;0;;;;1;3
16/07/2019;07:01:00;19;com vítima;138,119;BR-393/RJ;RJ;Norte;1;0;1;;;;1
16/07/2019;10:39:00;30;sem vítima;175,5;BR-393/RJ;RJ;Norte;2;2;;;;;1
18/07/2019;17:28:00;51;sem vítima;116,346;BR-393/RJ;RJ;Norte;1;5;;;;;1
28/07/2019;15:56:00;61;com vítima;168;BR-393/RJ;RJ;Norte;1;0;2;;;;1
02/08/2019;16:37:00;52;sem vítima;281;BR-393/RJ;RJ;Norte;1;2;;;;;1
04/08/2019;13:36:00;44;sem vítima;131,5;BR-393/RJ;RJ;Norte;1;1;;;;;1
04/08/2019;22:08:00;70;com vítima;151,8;BR-393/RJ;RJ;Norte;1;1;1;1;1;;2
07/08/2019;07:30:00;21;com vítima;283,8;BR-393/RJ;RJ;Sul;1;1;;;1;;2
08/08/2019;16:16:00;50;com vítima;143,44;BR-393/RJ;RJ;Sul;1;1;2;;;;1
11/08/2019;16:19:00;45;com vítima;161,187;BR-393/RJ;RJ;Sul;1;0;1;;;;1
11/08/2019;19:35:00;56;sem vítima;173,822;BR-393/RJ;RJ;Norte;1;1;;;;;1
17/08/2019;07:53:00;13;sem vítima;161,95;BR-393/RJ;RJ;Norte;1;1;;;;;1
23/08/2019;07:46:00;20;com vítima;248,588;BR-393/RJ;RJ;Sul;1;1;;1;;;2
24/08/2019;03:37:00;12;sem vítima;281,853;BR-393/RJ;RJ;Norte;1;2;;;;;1
27/08/2019;18:16:00;52;com vítima;267;BR-393/RJ;RJ;Norte;1;1;2;;;;1
30/08/2019;09:15:00;28;sem vítima;251,703;BR-393/RJ;RJ;Norte;1;2;;;;;1
30/08/2019;16:11:00;53;com vítima;104,735;BR-393/RJ;RJ;Norte;1;1;1;;;;1
01/09/2019;00:22:00;2;com vítima;218,647;BR-393/RJ;RJ;Norte;1;0;1;;;1;3
01/09/2019;17:31:00;48;com vítima;232;BR-393/RJ;RJ;Sul;1;1;1;;;;1
01/09/2019;21:18:00;61;sem vítima;153;BR-393/RJ;RJ;Sul;1;1;;;;;1
02/09/2019;12:46:00;45;com vítima;123,504;BR-393/RJ;RJ;Norte;1;0;1;;;;1
12/09/2019;02:35:00;12;com vítima;151,915;BR-393/RJ;RJ;Sul;1;0;1;;;;1
12/09/2019;08:03:00;18;com vítima;177,772;BR-393/RJ;RJ;Norte;1;0;4;;;;1
14/09/2019;02:07:00;5;com vítima;242,536;BR-393/RJ;RJ;Norte;1;1;;1;;;2
14/09/2019;13:20:00;37;com vítima;280;BR-393/RJ;RJ;Sul;1;2;;2;;;2
15/09/2019;07:39:00;17;com vítima;214,585;BR-393/RJ;RJ;Sul;1;2;1;1;;;2
15/09/2019;19:14:00;45;com vítima;279;BR-393/RJ;RJ;Norte;1;1;1;;;;1
19/09/2019;07:02:00;25;sem vítima;193,834;BR-393/RJ;RJ;Norte;1;2;;;;;1
19/09/2019;07:38:00;31;sem vítima;276,945;BR-393/RJ;RJ;Sul;1;2;;;;;1
19/09/2019;12:56:00;50;com vítima;168,819;BR-393/RJ;RJ;Sul;1;1;1;;;;1
20/09/2019;10:32:00;36;sem vítima;226,838;BR-393/RJ;RJ;Norte;1;5;;;;;1
21/09/2019;00:33:00;1;sem vítima;183;BR-393/RJ;RJ;Sul;1;1;;;;;1
28/09/2019;04:21:00;5;sem vítima;133,27;BR-393/RJ;RJ;Sul;1;1;;;;;1
01/10/2019;06:42:00;24;com vítima;161,95;BR-393/RJ;RJ;Norte;1;0;1;;;;1
01/10/2019;17:26:00;67;com vítima;274,08;BR-393/RJ;RJ;Sul;1;0;1;;;;1
05/10/2019;17:24:00;57;com vítima;276,497;BR-393/RJ;RJ;Norte;1;1;1;;;;1
08/10/2019;06:18:00;17;sem vítima;283,399;BR-393/RJ;RJ;Sul;1;2;;;;;1
08/10/2019;22:23:00;65;sem vítima;239,6;BR-393/RJ;RJ;Norte;2;2;;;;;1
09/10/2019;22:16:00;54;sem vítima;256,693;BR-393/RJ;RJ;Norte;1;4;;;;;1
11/10/2019;07:11:00;21;sem vítima;182,4;BR-393/RJ;RJ;Sul;1;2;;;;;1
11/10/2019;14:00:00;53;sem vítima;236,3;BR-393/RJ;RJ;Norte;2;4;;;;;1
12/10/2019;01:51:00;5;sem vítima;253;BR-393/RJ;RJ;Sul;1;2;;;;;1
12/10/2019;16:19:00;32;com vítima;199,1;BR-393/RJ;RJ;Sul;1;0;1;;;;1
13/10/2019;17:18:00;52;sem vítima;195,3;BR-393/RJ;RJ;Sul;2;2;;;;;1
16/10/2019;00:13:00;1;sem vítima;145,6;BR-393/RJ;RJ;Sul;2;2;;;;;1
16/10/2019;01:10:00;4;sem vítima;223,6;BR-393/RJ;RJ;Norte;1;1;;;;;1
18/10/2019;15:11:00;46;com vítima;129,599;BR-393/RJ;RJ;Sul;1;0;1;;1;;2
18/10/2019;21:36:00;69;sem vítima;125;BR-393/RJ;RJ;Norte;1;8;;;;;1
19/10/2019;07:52:00;15;com vítima;134,233;BR-393/RJ;RJ;Sul;2;0;4;;;;1
21/10/2019;15:54:00;56;com vítima;172,774;BR-393/RJ;RJ;Norte;1;0;2;;;;1
22/10/2019;06:32:00;13;com vítima;192,858;BR-393/RJ;RJ;Norte;1;0;2;;;;1
22/10/2019;12:36:00;39;sem vítima;141,8;BR-393/RJ;RJ;Sul;2;2;;;;;1
23/10/2019;18:45:00;59;com vítima;236,867;BR-393/RJ;RJ;Norte;1;1;1;;;;1
28/10/2019;15:59:00;63;sem vítima;193;BR-393/RJ;RJ;Norte;3;3;;;;;1
28/10/2019;20:14:00;79;com vítima;279,491;BR-393/RJ;RJ;Norte;1;1;1;;;;1
29/10/2019;05:31:00;22;com vítima;238,8;BR-393/RJ;RJ;Norte;1;1;;1;;;2
29/10/2019;07:18:00;28;com vítima;124,5;BR-393/RJ;RJ;Norte;1;1;1;;;;1
29/10/2019;22:52:00;76;com vítima;177,4;BR-393/RJ;RJ;Sul;1;2;1;;;;1
30/10/2019;02:11:00;2;sem vítima;163,599;BR-393/RJ;RJ;Sul;1;1;;;;;1
30/10/2019;08:00:00;10;sem vítima;177,609;BR-393/RJ;RJ;Norte;1;2;;;;;1
31/10/2019;07:14:00;19;com vítima;251,5;BR-393/RJ;RJ;Sul;1;2;1;;;;1
31/10/2019;07:44:00;20;sem vítima;255,5;BR-393/RJ;RJ;Norte;2;2;;;;;1
31/10/2019;17:25:00;59;sem vítima;274,5;BR-393/RJ;RJ;Norte;1;2;;;;;1
01/11/2019;03:00:00;6;sem vítima;252,442;BR-393/RJ;RJ;Sul;1;1;;;;;1
04/11/2019;17:59:00;47;com vítima;131,4;BR-393/RJ;RJ;Norte;1;0;1;;;;1
07/11/2019;19:51:00;67;com vítima;150,9;BR-393/RJ;RJ;Sul;1;1;;1;;;2
08/11/2019;07:18:00;16;sem vítima;284,168;BR-393/RJ;RJ;Norte;1;3;;;;;1
08/11/2019;20:26:00;72;com vítima;262,6;BR-393/RJ;RJ;Norte;1;0;2;;;;1
09/11/2019;11:51:00;45;sem vítima;151,8;BR-393/RJ;RJ;Sul;1;1;;;;;1
11/11/2019;10:25:00;31;sem vítima;282,1;BR-393/RJ;RJ;Norte;1;2;;;;;1
12/11/2019;17:00:00;52;com vítima;211,729;BR-393/RJ;RJ;Norte;1;0;1;;;;1
13/11/2019;09:01:00;22;com vítima;123;BR-393/RJ;RJ;Norte;1;0;1;;;;1
13/11/2019;10:34:00;28;com vítima;151,9;BR-393/RJ;RJ;Sul;1;0;1;;;;1
14/11/2019;09:53:00;33;com vítima;159,599;BR-393/RJ;RJ;Sul;1;1;2;;;;1
18/11/2019;14:46:00;58;com vítima;131,3;BR-393/RJ;RJ;Norte;1;1;4;;;;1
23/11/2019;15:36:00;50;com vítima;280,87;BR-393/RJ;RJ;Norte;1;1;1;;;;1
26/11/2019;04:01:00;10;sem vítima;237,481;BR-393/RJ;RJ;Norte;1;1;;;;;1
27/11/2019;02:28:00;12;sem vítima;266,5;BR-393/RJ;RJ;Sul;1;2;;;;;1
28/11/2019;15:30:00;50;sem vítima;131,199;BR-393/RJ;RJ;Norte;2;2;;;;;1
01/12/2019;15:08:00;36;sem vítima;139;BR-393/RJ;Norte;Colisão lateral no sentido contrário;2;2;;;;;1
05/12/2019;14:30:00;50;sem vítima;146;BR-393/RJ;Norte;Colisão lateral no mesmo sentido;1;2;;;;;1
06/12/2019;17:13:00;63;sem vítima;157,4;BR-393/RJ;Norte;Saida de Pista;1;1;;;;;1
09/12/2019;06:26:00;13;com vítima;281;BR-393/RJ;Sul;Colisão lateral no mesmo sentido;1;0;2;;;;1
09/12/2019;21:34:00;63;sem vítima;265;BR-393/RJ;Norte;Colisão com veículos (traseira);1;3;;;;;1
11/12/2019;19:23:00;75;com vítima;261,2;BR-393/RJ;Sul;Atropelamento de pedestre;1;3;;;;1;3
11/12/2019;19:49:00;76;com vítima;213,9;BR-393/RJ;Sul;Colisão com veículos (frontal);1;1;;;;2;3
12/12/2019;00:16:00;1;sem vítima;213,9;BR-393/RJ;Norte;Colisão com veículos (traseira);2;3;;;;;1
12/12/2019;07:37:00;14;com vítima;237;BR-393/RJ;Norte;Colisão lateral no mesmo sentido;1;0;2;;;;1
12/12/2019;20:49:00;69;sem vítima;217;BR-393/RJ;Sul;Colisão c/ obstáculos;1;1;;;;;1
13/12/2019;19:52:00;98;sem vítima;262;BR-393/RJ;Norte;Colisão lateral no sentido contrário;2;2;;;;;1
14/12/2019;00:35:00;2;com vítima;110;BR-393/RJ;Norte;Colisão c/ obstáculos;1;0;1;;;;1
14/12/2019;15:57:00;34;sem vítima;239,139;BR-393/RJ;Sul;Colisão com veículos (traseira);1;3;;;;;1
14/12/2019;17:42:00;36;sem vítima;229;BR-393/RJ;Norte;Colisão lateral no mesmo sentido;1;4;;;;;1
18/12/2019;15:13:00;44;sem vítima;253;BR-393/RJ;Norte;Saida de Pista;1;1;;;;;1
20/12/2019;18:06:00;63;com vítima;250,137;BR-393/RJ;Norte;Colisão lateral no mesmo sentido;1;4;1;;;;1
20/12/2019;22:40:00;75;sem vítima;233;BR-393/RJ;Sul;Colisão lateral no sentido contrário;1;3;;;;;1
22/12/2019;16:51:00;54;com vítima;102,5;BR-393/RJ;Norte;Colisão Transversal;1;1;1;;;;1
23/12/2019;00:21:00;1;com vítima;123;BR-393/RJ;Sul;Saida de Pista;1;0;1;;;;1
23/12/2019;20:28:00;59;sem vítima;142,3;BR-393/RJ;Norte;Colisão lateral no mesmo sentido;1;2;;;;;1
25/12/2019;14:18:00;41;com vítima;124;BR-393/RJ;Norte;Tombamento;1;0;1;;;;1
29/12/2019;23:47:00;72;sem vítima;139,599;BR-393/RJ;Sul;Colisão lateral no mesmo sentido;1;3;;;;;1
30/12/2019;06:54:00;21;com vítima;281,1;BR-393/RJ;Sul;Colisão com veículos (traseira);1;2;1;;1;;2
30/12/2019;18:44:00;45;com vítima;164,7;BR-393/RJ;Norte;Capotamento;1;0;;;;1;3
03/01/2020;08:44:00;28;sem vítima;224,75;BR-393/RJ;Sul;Colisão lateral no mesmo sentido;1;5;;;;;1
13/01/2020;15:35:00;39;sem vítima;133,797;BR-393/RJ;Norte;Colisão com veículos (traseira);1;3;;;;;1
14/01/2020;09:35:00;21;sem vítima;265,013;BR-393/RJ;Norte;Colisão lateral no mesmo sentido;1;3;;;;;1
14/01/2020;09:41:00;22;com vítima;147,636;BR-393/RJ;Sul;Tombamento;1;0;2;;;;1
15/01/2020;09:19:00;24;sem vítima;282,294;BR-393/RJ;Sul;Colisão com veículos (frontal);3;3;;;;;1
18/01/2020;04:50:00;15;sem vítima;256,399;BR-393/RJ;Norte;Colisão lateral no mesmo sentido;1;2;;;;;1
18/01/2020;22:30:00;59;com vítima;253,599;BR-393/RJ;Norte;Tombamento;1;0;1;;;;1
20/01/2020;08:36:00;23;sem vítima;217,599;BR-393/RJ;Sul;Colisão lateral no mesmo sentido;1;2;;;;;1
22/01/2020;11:02:00;31;sem vítima;264,99;BR-393/RJ;Norte;Colisão com veículos (traseira);1;3;;;;;1
24/01/2020;11:17:00;38;sem vítima;172,4;BR-393/RJ;Norte;Saídas de pista;1;1;;;;;1
24/01/2020;13:34:00;45;sem vítima;283;BR-393/RJ;Sul;Colisão lateral no sentido contrário;1;2;;;;;1
28/01/2020;08:42:00;27;com vítima;273,8;BR-393/RJ;Sul;Tombamento;1;1;1;;;;1
04/02/2020;20:30:00;70;com vítima;102,904;BR-393/RJ;Norte;Colisão Transversal;1;1;1;;;;1
05/02/2020;02:44:00;8;sem vítima;219,246;BR-393/RJ;Sul;Colisão lateral no mesmo sentido;2;2;;;;;1
13/02/2020;12:42:00;46;sem vítima;126;BR-393/RJ;Sul;Colisão lateral no mesmo sentido;1;42;;;;;1
14/02/2020;09:55:00;27;com vítima;178,358;BR-393/RJ;Sul;Colisão com veículos (traseira);1;0;2;;;;1
17/02/2020;18:01:00;63;com vítima;268,112;BR-393/RJ;Sul;Colisão Transversal;1;1;2;;;;1
20/02/2020;17:46:00;82;com vítima;241;BR-393/RJ;Norte;Colisão com veículos (frontal);1;0;1;2;;;2
21/02/2020;01:27:00;4;com vítima;188,8;BR-393/RJ;Sul;Atropelamento de animais;1;0;1;;;;1
22/02/2020;08:50:00;33;com vítima;238,9;BR-393/RJ;Norte;Colisão Transversal;1;3;3;;;;1
26/02/2020;10:07:00;31;com vítima;103,618;BR-393/RJ;Norte;Colisão com veículos (frontal);1;1;;1;;;2
28/02/2020;16:07:00;46;sem vítima;234,4;BR-393/RJ;Norte;Colisão lateral no mesmo sentido;1;2;;;;;1
02/03/2020;00:08:00;1;com vítima;177,8;BR-393/RJ;Sul;Colisão Traseira;1;1;1;;;;1
03/03/2020;08:27:00;24;sem vítima;104;BR-393/RJ;Sul;Colisão Lateral Mesmo Sentido;1;2;;;;;1
03/03/2020;20:49:00;72;com vítima;189,199;BR-393/RJ;Norte;Tombamento;1;0;1;;;;1
05/03/2020;18:37:00;90;sem vítima;258,5;BR-393/RJ;Sul;Colisão Lateral Mesmo Sentido;2;3;;;;;1
06/03/2020;20:11:00;66;com vítima;140;BR-393/RJ;Norte;Colisão Frontal;1;1;;;;1;3
11/03/2020;06:41:00;15;com vítima;131,4;BR-393/RJ;Sul;Tombamento;1;0;1;;;;1
13/03/2020;13:42:00;45;sem vítima;255,6;BR-393/RJ;Sul;Colisão Traseira;1;2;;;;;1
14/03/2020;05:14:00;13;sem vítima;196;BR-393/RJ;Norte;Tombamento;1;1;;;;;1
15/03/2020;10:38:00;22;com vítima;235,691;BR-393/RJ;Norte;Atropelamento - Ciclista;1;1;;;;1;3
16/03/2020;14:00:00;50;sem vítima;174;BR-393/RJ;Sul;Saida de Pista;2;3;;;;;1
18/03/2020;15:30:00;43;sem vítima;253,199;BR-393/RJ;Norte;Colisão Lateral Sentido Oposto;1;3;;;;;1
19/03/2020;17:52:00;60;sem vítima;279,87;BR-393/RJ;Sul;Engavetamento;1;4;;;;;1
20/03/2020;07:41:00;24;com vítima;138,15;BR-393/RJ;Sul;Tombamento;1;0;1;;;;1
20/03/2020;12:29:00;41;com vítima;267,8;BR-393/RJ;Norte;Queda de Moto;1;2;1;;;;1
20/03/2020;20:57:00;68;sem vítima;285,6;BR-393/RJ;Norte;Abalroamento Mesmo Sentido ;1;2;;;;;1
20/03/2020;22:03:00;71;sem vítima;123;BR-393/RJ;Sul;Saida de Pista;1;1;;;;;1
25/03/2020;13:43:00;30;com vítima;124;BR-393/RJ;Norte;Tombamento;1;0;1;;;;1
28/03/2020;05:56:00;11;com vítima;137,618;BR-393/RJ;Norte;Tombamento;1;0;;1;;;2
04/04/2020;10:05:00;23;com vítima;175,699;BR-393/RJ;Sul;Tombamento;1;0;1;;;;1
06/04/2020;18:17:00;44;com vítima;171,563;BR-393/RJ;Norte;Colisão Frontal;1;1;;1;;;2
10/04/2020;04:56:00;7;sem vítima;173,152;BR-393/RJ;Sul;Atropelamento de Animal;1;1;;;;;1
16/04/2020;14:39:00;35;com vítima;211;BR-393/RJ;Norte;Colisão Lateral Sentido Oposto;2;1;1;;;;1
20/04/2020;12:52:00;18;sem vítima;271;BR-393/RJ;Sul;Colisão Lateral Mesmo Sentido;1;5;;;;;1
22/04/2020;06:46:00;15;com vítima;114,299;BR-393/RJ;Norte;Tombamento;1;0;1;;;;1
29/04/2020;05:30:00;12;com vítima;200,199;BR-393/RJ;Norte;Colisão Transversal;1;12;3;;;;1
30/04/2020;07:22:00;18;com vítima;178,199;BR-393/RJ;Sul;Colisão Frontal;1;1;;1;;;2
30/04/2020;14:50:00;40;com vítima;216,9;BR-393/RJ;Norte;Colisão Transversal;1;1;;1;;;2
30/04/2020;15:34:00;41;sem vítima;285,9;BR-393/RJ;Sul;Engavetamento;1;4;;;;;1
01/05/2020;04:16:00;3;sem vítima;190,732;BR-393/RJ;Sul;Atropelamento de animais;1;1;;;;;1
05/05/2020;01:31:00;3;sem vítima;280;BR-393/RJ;Norte;Atropelamento de animais;1;1;;;;;1
05/05/2020;14:55:00;40;sem vítima;195,3;BR-393/RJ;Sul;Colisão lateral no mesmo sentido;1;2;;;;;1
05/05/2020;19:17:00;54;com vítima;278,899;BR-393/RJ;Sul;Atropelamento de pedestre;1;1;;1;;;2
09/05/2020;11:43:00;30;sem vítima;286;BR-393/RJ;Sul;Colisão com veículos (traseira);1;2;;;;;1
10/05/2020;18:10:00;29;com vítima;266,969;BR-393/RJ;Sul;Acidentes de outra natureza;1;2;;;1;;2
12/05/2020;07:52:00;20;sem vítima;285;BR-393/RJ;Sul;Acidentes de outra natureza;1;2;;;;;1
12/05/2020;17:55:00;52;com vítima;238,414;BR-393/RJ;Norte;Acidentes de outra natureza;1;1;1;1;;;2
14/05/2020;17:17:00;42;com vítima;168,039;BR-393/RJ;Sul;Acidentes de outra natureza;1;1;1;;;;1
23/05/2020;08:32:00;25;sem vítima;195;BR-393/RJ;Norte;Colisão com veículos (traseira);2;3;;;;;1
25/05/2020;16:49:00;40;com vítima;195;BR-393/RJ;Norte;Colisão com veículos (traseira);2;0;2;;;;1
26/05/2020;18:37:00;49;sem vítima;122;BR-393/RJ;Sul;Acidentes de outra natureza;1;1;;;;;1
29/05/2020;03:26:00;13;sem vítima;204;BR-393/RJ;Norte;Atropelamento de animais;1;1;;;;;1
30/05/2020;22:01:00;29;sem vítima;283,699;BR-393/RJ;Norte;Colisão c/ obstáculos;1;3;;;;;1
11/06/2020;18:11:00;46;com vítima;159,9;BR-393/RJ;Norte;Colisão com veículos (traseira);1;2;;1;;;2
18/06/2020;13:27:00;42;com vítima;238,521;BR-393/RJ;Norte;Acidentes de outra natureza;1;2;1;1;;;2
27/06/2020;13:47:00;36;com vítima;161,599;BR-393/RJ;Norte;Tombamento;1;0;1;;;;1
27/06/2020;19:48:00;48;sem vítima;281,1;BR-393/RJ;Sul;Colisão lateral no mesmo sentido;1;2;;;;;1
29/06/2020;12:38:00;39;com vítima;168,029;BR-393/RJ;Sul;Acidentes de outra natureza;1;1;1;;;;1
30/06/2020;15:53:00;55;sem vítima;195,019;BR-393/RJ;Sul;Colisão com veículos (traseira);1;2;;;;;1
03/07/2020;12:29:00;46;com vítima;200;BR-393/RJ;Pista Norte;Acidentes de outra natureza;1;0;;3;;;2
05/07/2020;03:14:00;10;sem vítima;168,8;BR-393/RJ;Pista Sul;Atropelamento de animais;1;1;;;;;1
05/07/2020;09:37:00;21;sem vítima;139,4;BR-393/RJ;Pista Norte;Tombamento;1;1;;;;;1
05/07/2020;14:58:00;31;com vítima;187,255;BR-393/RJ;Pista Sul;Tombamento;1;0;1;;;;1
07/07/2020;16:26:00;48;sem vítima;243,049;BR-393/RJ;Pista Norte;Colisão lateral no mesmo sentido;1;3;;;;;1
10/07/2020;23:44:00;82;sem vítima;253;BR-393/RJ;Pista Sul;Saídas de pista;1;1;;;;;1
13/07/2020;06:36:00;16;sem vítima;223,296;BR-393/RJ;Pista Sul;Acidentes de outra natureza;2;2;;;;;1
14/07/2020;02:49:00;7;sem vítima;265,399;BR-393/RJ;Pista Sul;Colisão c/ obstáculos;1;1;;;;;1
15/07/2020;13:50:00;48;sem vítima;255,5;BR-393/RJ;Pista Norte;Colisão lateral no mesmo sentido;1;2;;;;;1
20/07/2020;15:07:00;50;com vítima;2,299;Alça Sul;Pista Norte;Acidentes de outra natureza;1;0;1;;;1;3
24/07/2020;13:45:00;33;sem vítima;241,742;BR-393/RJ;Pista Norte;Colisão com veículos (frontal);1;2;;;;;1
26/07/2020;21:20:00;56;com vítima;222,392;BR-393/RJ;Pista Sul;Tombamento;2;1;2;1;;;2
31/07/2020;09:53:00;30;sem vítima;285,399;BR-393/RJ;Pista Sul;Colisão lateral no mesmo sentido;1;3;;;;;1
02/08/2020;15:31:00;41;Acidente com vítima;151,9;BR-393/RJ;Sul;Tombamento;1;0;1;;;;1
06/08/2020;00:38:00;4;Acidente com vítima;147,148;BR-393/RJ;Sul;Tombamento;1;0;1;;;;1
10/08/2020;19:11:00;70;Acidente com vítima;239,4;BR-393/RJ;Sul;Colisão lateral no mesmo sentido;1;1;4;;;;1
12/08/2020;13:09:00;46;Acidente sem vítima;265,057;BR-393/RJ;Sul;Colisão com veículos (traseira);1;2;;;;;1
12/08/2020;20:37:00;67;Acidente com vítima;280,199;BR-393/RJ;Sul;Colisão lateral no sentido contrário;1;1;1;;;;1
14/08/2020;11:22:00;36;Acidente sem vítima;274;BR-393/RJ;Norte;Colisão lateral no sentido contrário;2;2;;;;;1
15/08/2020;11:52:00;37;Acidente sem vítima;269,064;BR-393/RJ;Norte;Colisão com veículos (traseira);1;6;;;;;1
17/08/2020;09:20:00;23;Acidente com vítima;257,699;BR-393/RJ;Norte;Tombamento;1;0;2;;;;1
19/08/2020;08:13:00;23;Acidente com vítima;117,248;BR-393/RJ;Sul;Engavetamento;2;3;3;;;;1
19/08/2020;17:10:00;59;Acidente sem vítima;160;BR-393/RJ;Norte;Colisão com veículos (traseira);1;5;;;;;1
22/08/2020;13:04:00;31;Acidente sem vítima;131;BR-393/RJ;Norte;Saídas de pista;1;1;;;;;1
24/08/2020;20:41:00;73;Acidente com vítima;200,3;BR-393/RJ;Norte;Acidentes de outra natureza;1;1;;3;;;2
26/08/2020;09:23:00;24;Acidente com vítima;236,864;BR-393/RJ;Norte;Colisão lateral no sentido contrário;2;4;1;;;;1
26/08/2020;15:49:00;36;Acidente sem vítima;265;BR-393/RJ;Norte;Colisão com veículos (traseira);1;2;;;;;1
28/08/2020;23:35:00;76;Acidente sem vítima;138;BR-393/RJ;Sul;Atropelamento de animais;1;1;;;;;1
29/08/2020;21:23:00;73;Acidente com vítima;236,3;BR-393/RJ;Norte;Colisão com veículos (frontal);1;0;1;;2;;2
01/09/2020;04:56:00;18;Acidente sem vítima;156,5;BR-393/RJ;Sul;Colisão c/ obstáculos;1;1;;;;;1
03/09/2020;13:22:00;42;Acidente sem vítima;265;BR-393/RJ;Norte;Colisão com veículos (traseira);1;3;;;;;1
05/09/2020;13:08:00;37;Acidente sem vítima;243,5;BR-393/RJ;Norte;Engavetamento;2;4;;;;;1
06/09/2020;15:21:00;42;Acidente com vítima;155,4;BR-393/RJ;Norte;Tombamento;1;0;1;;;;1
09/09/2020;14:46:00;65;Acidente com vítima;177,9;BR-393/RJ;Sul;Colisão com veículos (traseira);1;0;2;;;;1
11/09/2020;04:42:00;13;Acidente sem vítima;178,356;BR-393/RJ;Norte;Colisão com veículos (traseira);1;4;;;;;1
11/09/2020;13:06:00;34;Acidente com morte;273,8;BR-393/RJ;Norte;Colisão lateral no sentido contrário;3;1;;;;2;3
16/09/2020;09:35:00;30;Acidente sem vítima;217;BR-393/RJ;Norte;Engavetamento;3;3;;;;;1
17/09/2020;08:22:00;23;Acidente sem vítima;256;BR-393/RJ;Norte;Colisão lateral no mesmo sentido;1;3;;;;;1
18/09/2020;11:27:00;52;Acidente com vítima;164,9;BR-393/RJ;Norte;Tombamento;1;0;;;1;;2
18/09/2020;11:39:00;53;Acidente sem vítima;237,476;BR-393/RJ;Norte;Atropelamento de animais;1;1;;;;;1