data;horario;n_da_ocorrencia;tipo_de_ocorrencia;km;trecho;sentido;tipo_de_acidente;caminhao;ilesos;levemente_feridos;moderadamente_feridos;gravemente_feridos;mortos;3
18/09/2020;16:34:00;68;Acidente sem vítima;277;BR-393/RJ;Norte;Colisão lateral no sentido contrário;1;1;;;;;1
19/09/2020;06:40:00;13;Acidente sem vítima;169,3;BR-393/RJ;Sul;Acidentes de outra natureza;1;1;;;;;1
19/09/2020;12:30:00;30;Acidente com morte;267,589;BR-393/RJ;Norte;Colisão com veículos (frontal);1;1;;;;1;3
20/09/2020;11:43:00;25;Acidente sem vítima;155,599;BR-393/RJ;Norte;Tombamento;1;1;;;;;1
20/09/2020;20:24:00;41;Acidente sem vítima;146,5;BR-393/RJ;Sul;Colisão c/ obstáculos;1;1;;;;;1
21/09/2020;13:48:00;48;Acidente com vítima;124,599;BR-393/RJ;Sul;Tombamento;1;0;1;;;;1
21/09/2020;19:46:00;64;Acidente sem vítima;114,299;BR-393/RJ;Norte;Colisão lateral no sentido contrário;2;2;;;;;1
21/09/2020;22:12:00;67;Acidente sem vítima;147,146;BR-393/RJ;Sul;Saídas de pista;1;2;;;;;1
22/09/2020;01:50:00;4;Acidente com vítima;153,5;BR-393/RJ;Norte;Saídas de pista;1;0;1;;;;1
24/09/2020;02:30:00;4;Acidente com morte;178,9;BR-393/RJ;Sul;Colisão lateral no sentido contrário;1;1;;;;1;3
25/09/2020;20:31:00;67;Acidente com vítima;215,699;BR-393/RJ;Sul;Colisão com veículos (traseira);1;1;1;;;;1
29/09/2020;09:56:00;30;Acidente com vítima;228,659;BR-393/RJ;Norte;Saídas de pista;2;1;1;;;;1
01/10/2020;10:00:00;33;Acidente sem vítima;241;BR-393/RJ;Norte;Colisão com veículos (traseira);1;4;;;;;1
01/10/2020;17:27:00;57;Acidente sem vítima;157,33;BR-393/RJ;Sul;Colisão lateral no mesmo sentido;1;2;;;;;1
02/10/2020;10:17:00;37;Acidente sem vítima;280;BR-393/RJ;Sul;Engavetamento;1;3;;;;;1
03/10/2020;06:35:00;14;Acidente sem vítima;177,8;BR-393/RJ;Sul;Colisão com veículos (traseira);2;3;;;;;1
06/10/2020;05:00:00;20;Acidente sem vítima;217,7;BR-393/RJ;Sul;Acidentes de outra natureza;1;1;;;;;1
07/10/2020;17:01:00;63;Acidente sem vítima;125;BR-393/RJ;Norte;Colisão com veículos (traseira);1;2;;;;;1
07/10/2020;19:00:00;76;Acidente sem vítima;281;BR-393/RJ;Sul;Engavetamento;1;3;;;;;1
08/10/2020;08:04:00;21;Acidente com vítima;252,516;BR-393/RJ;Norte;Colisão com veículos (traseira);1;3;1;;;;1
08/10/2020;22:19:00;75;Acidente sem vítima;195;BR-393/RJ;Norte;Colisão com veículos (traseira);2;2;;;;;1
09/10/2020;22:50:00;63;Acidente com vítima;223,253;BR-393/RJ;Norte;Saídas de pista;1;0;1;;;;1
15/10/2020;23:46:00;60;Acidente sem vítima;279;BR-393/RJ;Norte;Colisão com veículos (traseira);1;2;;;;;1
17/10/2020;09:46:00;33;Acidente com vítima;151,784;BR-393/RJ;Sul;Capotamento;1;0;;1;;;2
17/10/2020;14:19:00;39;Acidente sem vítima;282;BR-393/RJ;Norte;Engavetamento;2;3;;;;;1
18/10/2020;12:16:00;35;Acidente sem vítima;280;BR-393/RJ;Sul;Engavetamento;1;4;;;;;1
20/10/2020;11:14:00;34;Acidente com vítima;177,3;BR-393/RJ;Sul;Colisão com veículos (frontal);1;1;3;1;;;2
21/10/2020;03:40:00;12;Acidente sem vítima;178;BR-393/RJ;Sul;Colisão com veículos (traseira);1;3;;;;;1
22/10/2020;10:27:00;37;Acidente com vítima;131,4;BR-393/RJ;Sul;Tombamento;2;3;1;1;;;2
24/10/2020;17:19:00;41;Acidente com vítima;145,5;BR-393/RJ;Sul;Colisão lateral no sentido contrário;1;1;1;;;;1
25/10/2020;03:54:00;12;Acidente sem vítima;195;BR-393/RJ;Sul;Colisão com veículos (traseira);2;2;;;;;1
25/10/2020;16:44:00;36;Acidente com vítima;143;BR-393/RJ;Norte;Colisão c/ obstáculos;1;3;1;;;;1
31/10/2020;06:12:00;15;Acidente com vítima;201,199;BR-393/RJ;Norte;Saídas de pista;1;0;1;;;;1
05/11/2020;13:13:00;47;Acidente com vítima;125,599;BR-393/RJ;Norte;Colisão lateral no mesmo sentido;1;1;2;;;;1
06/11/2020;14:47:00;42;Acidente sem vítima;279;BR-393/RJ;Sul;Engavetamento;1;3;;;;;1
08/11/2020;00:04:00;1;Acidente sem vítima;195;BR-393/RJ;Norte;Colisão c/ obstáculos;1;1;;;;;1
09/11/2020;04:22:00;7;Acidente com vítima;233,95;BR-393/RJ;Norte;Colisão lateral no mesmo sentido;1;2;1;;;;1
13/11/2020;20:20:00;80;Acidente com vítima;130,199;BR-393/RJ;Norte;Tombamento;1;0;1;;;;1
14/11/2020;04:32:00;14;Acidente sem vítima;177;BR-393/RJ;Norte;Colisão com veículos (traseira);2;2;;;;;1
20/11/2020;07:00:00;12;Acidente com vítima;161,9;BR-393/RJ;Norte;Capotamento;1;0;;1;;;2
20/11/2020;18:34:00;53;Acidente com vítima;227;BR-393/RJ;Norte;Colisão com veículos (traseira);1;3;1;;;;1
23/11/2020;06:31:00;15;Acidente com vítima;283;BR-393/RJ;Sul;Colisão lateral no sentido contrário;2;3;1;;;;1
24/11/2020;11:17:00;27;Atropelamento sem morte;231,9;BR-393/RJ;Sul;Atropelamento de animais;1;1;;;;;1
27/11/2020;14:36:00;41;Acidente sem vítima;230,8;BR-393/RJ;Norte;Colisão lateral no mesmo sentido;1;2;;;;;1
29/11/2020;16:19:00;34;Acidente sem vítima;265;BR-393/RJ;Sul;Colisão com veículos (traseira);1;2;;;;;1
01/12/2020;17:41:00;52;Acidente com vítima;124,8;BR-393/RJ;Norte;Acidentes de outra natureza;2;2;;1;;;2
05/12/2020;10:38:00;39;Acidente sem vítima;232,699;BR-393/RJ;Sul;Engavetamento;2;4;;;;;1
05/12/2020;23:00:00;62;Acidente sem vítima;262,2;BR-393/RJ;Sul;Colisão lateral no mesmo sentido;1;2;;;;;1
06/12/2020;05:34:00;20;Acidente sem vítima;255,7;BR-393/RJ;Sul;Colisão com veículos (traseira);2;2;;;;;1
06/12/2020;21:24:00;54;Acidente sem vítima;253;BR-393/RJ;Sul;Tombamento;1;1;;;;;1
07/12/2020;19:18:00;55;Acidente sem vítima;118,9;BR-393/RJ;Norte;Saídas de pista;1;1;;;;;1
07/12/2020;22:28:00;64;Acidente com vítima;172,4;BR-393/RJ;Sul;Colisão com veículos (frontal);1;1;;;1;;2
08/12/2020;18:37:00;61;Acidente sem vítima;123,2;BR-393/RJ;Sul;Colisão c/ obstáculos;1;1;;;;;1
10/12/2020;07:02:00;15;Acidente com vítima;257,8;BR-393/RJ;Norte;Acidentes de outra natureza;1;2;;2;1;;2
10/12/2020;16:21:00;49;Acidente sem vítima;258,6;BR-393/RJ;Norte;Acidentes de outra natureza;1;2;;;;;1
10/12/2020;18:45:00;60;Acidente sem vítima;243;BR-393/RJ;Sul;Saídas de pista;1;1;;;;;1
11/12/2020;18:41:00;71;Acidente com vítima;243,3;BR-393/RJ;Norte;Colisão lateral no sentido contrário;3;2;1;;;;1
13/12/2020;12:39:00;36;Acidente com vítima;252,199;BR-393/RJ;Norte;Colisão c/ obstáculos;1;1;;;1;;2
15/12/2020;10:39:00;33;Acidente sem vítima;131,9;BR-393/RJ;Norte;Colisão com veículos (traseira);1;3;;;;;1
18/12/2020;08:20:00;27;Acidente com vítima;274;BR-393/RJ;Norte;Tombamento;1;0;;1;;;2
19/12/2020;07:39:00;22;Acidente com vítima;232,099;BR-393/RJ;Sul;Colisão c/ obstáculos;1;0;;1;;;2
20/12/2020;11:13:00;35;Acidente sem vítima;142;BR-393/RJ;Norte;Colisão com veículos (traseira);1;2;;;;;1
20/12/2020;13:14:00;42;Acidente sem vítima;182;BR-393/RJ;Norte;Colisão lateral no mesmo sentido;1;5;;;;;1
20/12/2020;18:06:00;62;Acidente com morte;219,8;BR-393/RJ;Norte;Colisão com veículos (frontal);1;2;;;;1;3
22/12/2020;00:49:00;4;Acidente com vítima;246;BR-393/RJ;Sul;Tombamento;1;0;;;1;;2
22/12/2020;06:16:00;20;Acidente com vítima;114;BR-393/RJ;Norte;Tombamento;1;0;1;;;;1
22/12/2020;16:51:00;55;Acidente com vítima;281;BR-393/RJ;Sul;Colisão com veículos (traseira);1;1;1;;;;1
23/12/2020;02:14:00;1;Acidente com vítima;162,099;BR-393/RJ;Norte;Tombamento;1;0;1;;;;1
24/12/2020;07:05:00;18;Acidente sem vítima;146;BR-393/RJ;Sul;Colisão lateral no mesmo sentido;2;2;;;;;1
24/12/2020;09:40:00;29;Acidente sem vítima;253,8;BR-393/RJ;Sul;Colisão lateral no mesmo sentido;1;2;;;;;1
27/12/2020;19:08:00;52;Acidente sem vítima;258,5;BR-393/RJ;Sul;Colisão c/ obstáculos;1;1;;;;;1
28/12/2020;03:44:00;10;Acidente com morte;157;BR-393/RJ;Sul;Colisão com veículos (frontal);1;1;;;;1;3
01/01/2021;14:54:00;36;Acidente com vítima;252;BR-393/RJ;Sul;Colisão lateral no sentido contrário;1;1;1;;1;;2
02/01/2021;19:43:00;47;Acidente sem vítima;246;BR-393/RJ;Sul;Saídas de pista;1;1;;;;;1
05/01/2021;11:20:00;44;Acidente sem vítima;239;BR-393/RJ;Sul;Colisão com veículos (traseira);1;3;;;;;1
06/01/2021;07:46:00;21;Acidente com vítima;122;BR-393/RJ;Norte;Tombamento;1;0;;1;;;2
09/01/2021;19:02:00;50;Acidente com vítima;136,5;BR-393/RJ;Sul;Colisão lateral no sentido contrário;1;1;3;;;;1
10/01/2021;14:30:00;38;Acidente sem vítima;274;BR-393/RJ;Sul;Tombamento;1;3;;;;;1
11/01/2021;15:42:00;61;Acidente sem vítima;266;BR-393/RJ;Norte;Colisão lateral no mesmo sentido;1;25;;;;;1
11/01/2021;21:41:00;89;Acidente sem vítima;196,4;BR-393/RJ;Sul;Saídas de pista;1;1;;;;;1
11/01/2021;23:03:00;92;Acidente sem vítima;168,599;BR-393/RJ;Norte;Colisão c/ obstáculos;1;1;;;;;1
12/01/2021;11:23:00;45;Acidente com vítima;170,4;BR-393/RJ;Norte;Colisão com veículos (traseira);2;1;3;;;;1
13/01/2021;05:20:00;17;Acidente sem vítima;208,9;BR-393/RJ;Norte;Tombamento;1;2;;;;;1
13/01/2021;05:43:00;18;Acidente com vítima;124,001;BR-393/RJ;Sul;Tombamento;1;0;1;;;;1
14/01/2021;12:22:00;45;Acidente com morte;182,4;BR-393/RJ;Sul;Acidentes de outra natureza;1;0;1;;;1;3
17/01/2021;07:50:00;16;Acidente sem vítima;265;BR-393/RJ;Norte;Colisão com veículos (traseira);2;2;;;;;1
17/01/2021;14:40:00;32;Acidente sem vítima;230,8;BR-393/RJ;Norte;Colisão lateral no mesmo sentido;1;4;;;;;1
17/01/2021;22:41:00;49;Acidente com vítima;179,099;BR-393/RJ;Sul;Saídas de pista;1;0;1;;;;1
18/01/2021;02:19:00;7;Acidente sem vítima;181;BR-393/RJ;Sul;Colisão com veículos (traseira);1;2;;;;;1
20/01/2021;11:53:00;36;Acidente sem vítima;132,5;BR-393/RJ;Sul;Colisão lateral no mesmo sentido;1;2;;;;;1
22/01/2021;09:52:00;30;Acidente com vítima;124;BR-393/RJ;Sul;Colisão lateral no sentido contrário;1;2;;1;;;2
22/01/2021;13:46:00;39;Acidente com vítima;177;BR-393/RJ;Sul;Colisão com veículos (traseira);2;0;2;;;;1
25/01/2021;08:31:00;17;Acidente sem vítima;155;BR-393/RJ;Norte;Tombamento;1;1;;;;;1
27/01/2021;20:18:00;67;Acidente sem vítima;248,9;BR-393/RJ;Norte;Saídas de pista;1;1;;;;;1
28/01/2021;07:20:00;14;Acidente sem vítima;278,699;BR-393/RJ;Sul;Colisão lateral no mesmo sentido;2;3;;;;;1
30/01/2021;01:50:00;11;Acidente com vítima;108,9;BR-393/RJ;Norte;Colisão c/ obstáculos;1;1;1;;;;1
01/02/2021;17:25:00;48;ac03 - Acidente sem Vitimas;273,8;BR-393/RJ;Sul;Tombamento;1;1;;;;;1
09/02/2021;07:30:00;15;ac02 - Acidente com VITIMA;103,099;BR-393/RJ;Sul;Colisão Lateral Mesmo Sentido;1;3;1;;;;1
10/02/2021;15:35:00;48;ac03 - Acidente sem Vitimas;255;BR-393/RJ;Norte;Colisão Lateral Mesmo Sentido;1;2;;;;;1
13/02/2021;23:31:00;62;ac03 - Acidente sem Vitimas;230,4;BR-393/RJ;Sul;Saida de Pista;1;1;;;;;1
14/02/2021;15:46:00;57;ac03 - Acidente sem Vitimas;113;BR-393/RJ;Norte;Colisão Lateral Mesmo Sentido;2;3;;;;;1
15/02/2021;13:52:00;49;ac02 - Acidente com VITIMA;152;BR-393/RJ;Norte;Tombamento;1;0;1;;;;1
18/02/2021;08:46:00;23;ac03 - Acidente sem Vitimas;220;BR-393/RJ;Norte;Colisão Lateral Sentido Oposto;2;3;;;;;1
19/02/2021;00:16:00;2;ac02 - Acidente com VITIMA;121,7;BR-393/RJ;Sul;Tombamento;1;0;;1;;;2
19/02/2021;15:15:00;64;ac03 - Acidente sem Vitimas;262;BR-393/RJ;Norte;Atropelamento de Animal;1;1;;;;;1
20/02/2021;08:45:00;27;ac03 - Acidente sem Vitimas;266,8;BR-393/RJ;Norte;Colisão Traseira;2;4;;;;;1
25/02/2021;00:04:00;1;ac02 - Acidente com VITIMA;138;BR-393/RJ;Norte;Tombamento;1;0;1;1;;;2
26/02/2021;13:03:00;50;Acidente com vítima;168;BR-393/RJ;Sul;Colisão Transversal;1;1;1;;;;1
26/02/2021;16:10:00;57;Acidente com vítima;223;BR-393/RJ;Norte;Colisão Traseira;1;0;3;;;;1
26/02/2021;20:13:00;67;ac03 - Acidente sem Vitimas;171,099;BR-393/RJ;Sul;Saida de Pista;1;1;;;;;1
27/02/2021;05:49:00;20;ac02 - Acidente com VITIMA;242;BR-393/RJ;Norte;Colisão Lateral Sentido Oposto;1;1;;1;;;2
01/03/2021;01:08:00;5;Atropelamento com morte;280,699;BR-393/RJ;Pista Norte;Atropelamento de pedestre;1;1;;;;1;3
01/03/2021;06:19:00;14;Acidente com vítima;265;BR-393/RJ;Pista Norte;Colisão c/ obstáculos;1;0;1;;;;1
02/03/2021;08:28:00;22;Acidente sem vítima;132;BR-393/RJ;Pista Norte;Colisão com veículos (traseira);1;2;;;;;1
02/03/2021;13:41:00;43;Acidente sem vítima;177,699;BR-393/RJ;Pista Norte;Colisão com veículos (traseira);1;4;;;;;1
05/03/2021;17:32:00;54;Acidente sem vítima;243,099;BR-393/RJ;Pista Norte;Colisão lateral no mesmo sentido;2;2;;;;;1
06/03/2021;17:30:00;54;Acidente com morte;145,9;BR-393/RJ;Pista Norte;Colisão lateral no sentido contrário;1;0;3;;;1;3
06/03/2021;18:48:00;57;Acidente sem vítima;226,9;BR-393/RJ;Pista Sul;Colisão com veículos (traseira);1;2;;;;;1
07/03/2021;15:58:00;36;Acidente com vítima;164,75;BR-393/RJ;Pista Norte;Tombamento;1;0;1;;;;1
08/03/2021;10:00:00;31;Acidente sem vítima;155,2;BR-393/RJ;Pista Norte;Tombamento;1;1;;;;;1
09/03/2021;10:36:00;31;Acidente com vítima;131,3;BR-393/RJ;Pista Norte;Tombamento;2;1;;1;;;2
10/03/2021;09:42:00;21;Acidente sem vítima;125,7;BR-393/RJ;Pista Sul;Colisão com veículos (traseira);2;2;;;;;1
11/03/2021;19:18:00;64;Acidente sem vítima;268,3;BR-393/RJ;Pista Sul;Acidentes de outra natureza;1;2;;;;;1
12/03/2021;19:52:00;51;Acidente sem vítima;156,4;BR-393/RJ;Pista Norte;Saídas de pista;1;1;;;;;1
15/03/2021;10:19:00;25;Acidente com vítima;117,2;BR-393/RJ;Pista Sul;Colisão lateral no mesmo sentido;1;1;2;;;;1
15/03/2021;17:34:00;53;Acidente com vítima;260,6;BR-393/RJ;Pista Norte;Colisão c/ obstáculos;1;0;1;;;;1
19/03/2021;07:47:00;22;Acidente sem vítima;164;BR-393/RJ;Pista Sul;Tombamento;1;2;;;;;1
25/03/2021;07:53:00;21;Acidente sem vítima;274,8;BR-393/RJ;Pista Sul;Tombamento;1;1;;;;;1
26/03/2021;10:47:00;27;Acidente com vítima;105;BR-393/RJ;Pista Norte;Colisão lateral no sentido contrário;1;1;2;;;;1
28/03/2021;10:26:00;25;Acidente sem vítima;227,4;BR-393/RJ;Pista Sul;Colisão lateral no mesmo sentido;1;2;;;;;1
28/03/2021;20:04:00;43;Acidente com vítima;217,699;BR-393/RJ;Pista Norte;Colisão c/ obstáculos;1;0;1;;;;1
30/03/2021;09:29:00;20;Acidente com vítima;137;BR-393/RJ;Pista Sul;Acidentes de outra natureza;1;0;1;;;;1
01/04/2021;06:51:00;19;Acidente sem vítima;179,099;BR-393/RJ;Crescente;Colisão c/ obstáculos;1;1;;;;;1
05/04/2021;06:54:00;16;Atropelamento com morte;172,3;BR-393/RJ;Crescente;Colisão com veículos (frontal);2;0;;1;;2;3
07/04/2021;15:21:00;45;Acidente sem vítima;135,5;BR-393/RJ;Decrescente;Colisão c/ obstáculos;1;1;;;;;1
07/04/2021;17:11:00;54;Acidente com vítima;123,099;BR-393/RJ;Decrescente;Tombamento;1;0;;1;;;2
08/04/2021;20:59:00;64;Acidente com morte;102,7;BR-393/RJ;Crescente;Colisão com veículos (frontal);1;0;1;;;2;3
14/04/2021;11:17:00;35;Acidente sem vítima;232,599;BR-393/RJ;Decrescente;Colisão lateral no mesmo sentido;2;2;;;;;1
17/04/2021;01:22:00;1;Acidente com morte;283,6;BR-393/RJ;Crescente;Colisão c/ obstáculos;1;1;;;;1;3
17/04/2021;07:00:00;15;Acidente sem vítima;185,1;BR-393/RJ;Decrescente;Saídas de pista;1;1;;;;;1
18/04/2021;06:46:00;12;Acidente com vítima;273,8;BR-393/RJ;Crescente;Tombamento;1;0;;1;;;2
18/04/2021;14:52:00;21;Acidente com vítima;238,5;BR-393/RJ;Crescente;Acidentes de outra natureza;1;1;2;;;;1
23/04/2021;19:20:00;41;Acidente com morte;238;BR-393/RJ;Crescente;Colisão lateral no sentido contrário;1;3;2;;;1;3
24/04/2021;19:37:00;36;Acidente com vítima;236,7;BR-393/RJ;Decrescente;Colisão lateral no sentido contrário;1;1;;1;;;2
27/04/2021;15:16:00;51;Acidente com vítima;146,9;BR-393/RJ;Crescente;Colisão lateral no sentido contrário;2;1;2;;1;;2
29/04/2021;18:38:00;56;Acidente com vítima;229,699;BR-393/RJ;Decrescente;Colisão lateral no mesmo sentido;1;1;1;;;;1
01/05/2021;23:22:00;49;Acidente sem vítima;265;BR-393/RJ;Decrescente;Colisão c/ obstáculos;2;2;;;;;1
05/05/2021;01:29:00;5;Acidente com vítima;123;BR-393/RJ;Decrescente;Tombamento;1;0;1;;;;1
07/05/2021;19:17:00;50;Acidente sem vítima;187,199;BR-393/RJ;Crescente;Atropelamento de animais;1;1;;;;;1
08/05/2021;16:42:00;46;Acidente sem vítima;167,599;BR-393/RJ;Crescente;Colisão lateral no mesmo sentido;1;3;;;;;1
09/05/2021;21:26:00;48;Atropelamento sem morte;184,3;BR-393/RJ;Crescente;Atropelamento de pedestre;1;1;;1;;;2
10/05/2021;18:02:00;60;Acidente sem vítima;270;BR-393/RJ;Decrescente;Acidentes de outra natureza;1;7;;;;;1
11/05/2021;07:16:00;21;Acidente sem vítima;180;BR-393/RJ;Crescente;Colisão lateral no sentido contrário;2;2;;;;;1
13/05/2021;08:13:00;19;Acidente com morte;161;BR-393/RJ;Crescente;Colisão com veículos (frontal);1;0;1;;;1;3
14/05/2021;15:29:00;50;Acidente com vítima;275;BR-393/RJ;Decrescente;Colisão lateral no mesmo sentido;2;1;4;;;;1
16/05/2021;17:50:00;43;Acidente com vítima;253;BR-393/RJ;Crescente;Colisão lateral no mesmo sentido;2;1;1;;;;1
18/05/2021;16:13:00;42;Acidente com vítima;178,4;BR-393/RJ;Decrescente;Colisão c/ obstáculos;1;0;1;;;;1
19/05/2021;16:17:00;47;Acidente com vítima;167,9;BR-393/RJ;Decrescente;Engavetamento;2;10;2;;;;1
20/05/2021;01:49:00;7;Acidente sem vítima;223,599;BR-393/RJ;Decrescente;Colisão com veículos (traseira);1;29;;;;;1
22/05/2021;13:36:00;31;Atropelamento com morte;169;BR-393/RJ;Decrescente;Atropelamento de pedestre;1;0;1;;;1;3
25/05/2021;06:57:00;19;Acidente com vítima;258,004;BR-393/RJ;Crescente;Tombamento;1;0;;1;;;2
27/05/2021;07:15:00;16;Acidente com vítima;265;BR-393/RJ;Decrescente;Colisão com veículos (traseira);1;6;1;;;;1
27/05/2021;09:26:00;33;Acidente com vítima;224,5;BR-393/RJ;Crescente;Colisão com veículos (frontal);3;0;1;1;1;;2
30/05/2021;17:17:00;30;Acidente sem vítima;133;BR-393/RJ;Crescente;Colisão lateral no sentido contrário;1;2;;;;;1
31/05/2021;19:20:00;55;Acidente com vítima;105,5;BR-393/RJ;Decrescente;Colisão lateral no sentido contrário;1;1;2;;;;1
02/06/2021;15:48:00;47;Acidente sem vítima;265;BR-393/RJ;Crescente;Colisão com veículos (traseira);2;4;;;;;1
04/06/2021;08:55:00;19;Acidente sem vítima;137;BR-393/RJ;Crescente;Colisão c/ obstáculos;1;1;;;;;1
06/06/2021;13:58:00;31;Acidente com vítima;114;BR-393/RJ;Decrescente;Tombamento;1;0;2;;;;1
06/06/2021;18:59:00;41;Acidente sem vítima;187,199;BR-393/RJ;Crescente;Acidentes de outra natureza;2;7;;;;;1
08/06/2021;06:23:00;13;Acidente com vítima;102,799;BR-393/RJ;Decrescente;Colisão lateral no mesmo sentido;1;1;1;;;;1
09/06/2021;10:56:00;34;Acidente sem vítima;238,5;BR-393/RJ;Decrescente;Colisão com veículos (traseira);2;2;;;;;1
12/06/2021;14:38:00;36;Acidente com vítima;206,9;BR-393/RJ;Decrescente;Colisão lateral no mesmo sentido;1;0;3;;;;1
16/06/2021;07:21:00;15;Acidente sem vítima;203,9;BR-393/RJ;Decrescente;Colisão c/ obstáculos;1;1;;;;;1
17/06/2021;07:30:00;17;Acidente sem vítima;175,599;BR-393/RJ;Crescente;Colisão com veículos (traseira);2;2;;;;;1
17/06/2021;11:59:00;34;Acidente sem vítima;167,9;BR-393/RJ;Crescente;Engavetamento;2;4;;;;;1
17/06/2021;22:51:00;61;Acidente sem vítima;172;BR-393/RJ;Decrescente;Atropelamento de animais;2;4;;;;;1
18/06/2021;07:30:00;24;Acidente com vítima;114,3;BR-393/RJ;Decrescente;Tombamento;1;0;1;;;;1
18/06/2021;13:30:00;48;Acidente sem vítima;133;BR-393/RJ;Decrescente;Colisão com veículos (traseira);1;3;;;;;1
19/06/2021;16:30:00;36;Acidente sem vítima;275;BR-393/RJ;Decrescente;Colisão com veículos (traseira);1;3;;;;;1
20/06/2021;13:30:00;25;Acidente sem vítima;182;BR-393/RJ;Decrescente;Colisão lateral no mesmo sentido;1;3;;;;;1
22/06/2021;07:36:00;15;Acidente com vítima;246;BR-393/RJ;Crescente;Colisão c/ obstáculos;1;0;1;;;;1
22/06/2021;20:56:00;54;Acidente com vítima;129,5;BR-393/RJ;Decrescente;Saídas de pista;1;0;1;;;;1
22/06/2021;22:53:00;61;Acidente sem vítima;278,8;BR-393/RJ;Crescente;Colisão com veículos (traseira);2;2;;;;;1
23/06/2021;12:21:00;53;Acidente sem vítima;161,9;BR-393/RJ;Decrescente;Tombamento;1;1;;;;;1
24/06/2021;06:44:00;17;Acidente com vítima;214,599;BR-393/RJ;Crescente;Colisão lateral no mesmo sentido;1;1;1;;;;1
25/06/2021;10:20:00;34;Acidente com vítima;181,4;BR-393/RJ;Crescente;Colisão c/ obstáculos;1;0;3;;;;1
26/06/2021;09:22:00;24;Acidente com vítima;114,2;BR-393/RJ;Decrescente;Tombamento;1;1;1;1;;;2
26/06/2021;16:08:00;42;Acidente sem vítima;182;BR-393/RJ;Crescente;Colisão com veículos (traseira);1;6;;;;;1
26/06/2021;19:00:00;49;Acidente sem vítima;271,05;BR-393/RJ;Decrescente;Colisão com veículos (traseira);1;2;;;;;1
27/06/2021;04:58:00;19;Acidente sem vítima;279,6;BR-393/RJ;Decrescente;Colisão com veículos (traseira);1;3;;;;;1
28/06/2021;06:58:00;20;Acidente com vítima;154,2;BR-393/RJ;Decrescente;Colisão c/ obstáculos;1;0;;1;;;2
29/06/2021;23:21:00;56;Acidente com morte;151,8;BR-393/RJ;Crescente;Tombamento;1;0;;1;;1;3
02/07/2021;08:45:00;24;Acidente com vítima;164,8;BR-393/RJ;Decrescente;Tombamento;1;0;1;;;;1
03/07/2021;00:06:00;1;Acidente com vítima;200,799;BR-393/RJ;Decrescente;Colisão c/ obstáculos;1;1;1;;;;1