data;horario;n_da_ocorrencia;tipo_de_ocorrencia;km;trecho;sentido;tipo_de_acidente;caminhao;ilesos;levemente_feridos;moderadamente_feridos;gravemente_feridos;mortos;3
04/07/2021;17:33:00;39;Acidente com morte;191,699;BR-393/RJ;Decrescente;Colisão com veículos (frontal);1;0;2;;;1;3
05/07/2021;05:57:00;16;Acidente com vítima;195,4;BR-393/RJ;Crescente;Tombamento;1;0;1;;;;1
06/07/2021;19:32:00;60;Acidente com vítima;180;BR-393/RJ;Decrescente;Colisão lateral no mesmo sentido;1;1;1;;;;1
07/07/2021;14:28:00;41;Acidente com vítima;271,699;BR-393/RJ;Crescente;Engavetamento;2;2;1;;;;1
08/07/2021;10:01:00;26;Acidente com vítima;230;BR-393/RJ;Decrescente;Colisão lateral no mesmo sentido;1;3;1;;;;1
09/07/2021;04:20:00;13;Acidente sem vítima;281,301;BR-393/RJ;Decrescente;Colisão com veículos (traseira);2;2;;;;;1
10/07/2021;16:47:00;42;Acidente com vítima;154,3;BR-393/RJ;Decrescente;Colisão c/ obstáculos;1;0;1;;;;1
11/07/2021;13:34:00;38;Acidente com vítima;200;BR-393/RJ;Decrescente;Colisão lateral no mesmo sentido;1;2;1;;;;1
12/07/2021;18:39:00;44;Acidente com vítima;102,9;BR-393/RJ;Crescente;Saídas de pista;1;1;1;;;;1
14/07/2021;07:08:00;14;Acidente com vítima;175,699;BR-393/RJ;Decrescente;Engavetamento;2;4;2;;;;1
14/07/2021;10:30:00;26;Acidente com morte;164,9;BR-393/RJ;Decrescente;Colisão com veículos (frontal);2;0;3;;;2;3
15/07/2021;05:55:00;16;Acidente sem vítima;151,8;BR-393/RJ;Crescente;Tombamento;1;2;;;;;1
15/07/2021;18:41:00;57;Acidente com morte;240,3;BR-393/RJ;Crescente;Colisão com veículos (frontal);1;1;2;1;;1;3
16/07/2021;07:25:00;15;Acidente com vítima;282;BR-393/RJ;Decrescente;Acidentes de outra natureza;1;1;;1;;;2
17/07/2021;05:46:00;23;Acidente com vítima;276,9;BR-393/RJ;Crescente;Colisão lateral no sentido contrário;1;6;;1;;;2
17/07/2021;17:31:00;45;Acidente sem vítima;273,899;BR-393/RJ;Decrescente;Tombamento;1;1;;;;;1
18/07/2021;04:54:00;13;Acidente sem vítima;155,599;BR-393/RJ;Decrescente;Saídas de pista;1;1;;;;;1
18/07/2021;18:47:00;48;Acidente com vítima;125;BR-393/RJ;Crescente;Acidentes de outra natureza;1;2;1;;;;1
21/07/2021;02:08:00;2;Atropelamento sem morte;200,3;BR-393/RJ;Decrescente;Atropelamento de Animal;1;1;;;;;1
21/07/2021;09:32:00;24;Acidente com vítima;282;BR-393/RJ;Crescente;Colisão lateral no mesmo sentido;1;1;1;;;;1
24/07/2021;11:25:00;20;Acidente com vítima;182;BR-393/RJ;Decrescente;Engavetamento;1;2;2;;;;1
25/07/2021;15:12:00;32;Acidente com vítima;171,8;BR-393/RJ;Decrescente;Colisão c/ obstáculos;1;0;2;;;;1
26/07/2021;18:59:00;50;Acidente com vítima;200;BR-393/RJ;Crescente;Acidentes de outra natureza;1;0;2;;;;1
28/07/2021;10:17:00;32;Acidente com vítima;236;BR-393/RJ;Decrescente;Acidentes de outra natureza;1;2;1;;;;1
29/07/2021;16:50:00;48;Acidente com vítima;144,3;BR-393/RJ;Crescente;Colisão com veículos (traseira);1;1;2;;;;1
31/07/2021;15:31:00;37;Acidente sem vítima;124,4;BR-393/RJ;Decrescente;Tombamento;1;1;;;;;1
02/08/2021;12:04:00;28;Acidente com morte;164,75;BR-393/RJ;Crescente;Colisão lateral no sentido contrário;1;0;1;;;1;3
05/08/2021;21:08:00;63;Acidente sem vítima;131,5;BR-393/RJ;Decrescente;Colisão c/ obstáculos;1;1;;;;;1
07/08/2021;10:57:00;22;Acidente com vítima;217,5;BR-393/RJ;Decrescente;Acidentes de outra natureza;1;2;;;1;;2
10/08/2021;13:48:00;43;Acidente com vítima;161,899;BR-393/RJ;Decrescente;Tombamento;1;0;1;;;;1
13/08/2021;11:11:00;37;Acidente com vítima;176;BR-393/RJ;Decrescente;Colisão com veículos (traseira);1;0;2;;;;1
14/08/2021;15:08:00;40;Acidente sem vítima;125,7;BR-393/RJ;Decrescente;Colisão com veículos (traseira);2;2;;;;;1
16/08/2021;14:19:00;44;Acidente sem vítima;273,9;BR-393/RJ;Crescente;Tombamento;1;0;1;;;;1
16/08/2021;21:34:00;66;Acidente sem vítima;123;BR-393/RJ;Crescente;Tombamento;1;1;;;;;1
19/08/2021;07:08:00;17;Acidente com vítima;266;BR-393/RJ;Decrescente;Tombamento;1;0;1;;;;1
23/08/2021;12:46:00;34;Acidente sem vítima;162;BR-393/RJ;Crescente;Tombamento;1;1;;;;;1
25/08/2021;04:39:00;13;Acidente com vítima;231,199;BR-393/RJ;Crescente;Tombamento;1;0;1;;;;1
27/08/2021;00:28:00;1;Acidente com vítima;213;BR-393/RJ;Crescente;Saídas de pista;1;0;;1;;;2
27/08/2021;04:50:00;15;Acidente sem vítima;212,1;BR-393/RJ;Crescente;Colisão com veículos (traseira);2;2;;;;;1
27/08/2021;16:40:00;54;Acidente sem vítima;222;BR-393/RJ;Crescente;Colisão lateral no mesmo sentido;1;3;;;;;1
31/08/2021;14:12:00;32;Acidente sem vítima;151,6;BR-393/RJ;Crescente;Colisão lateral no sentido contrário;2;2;;;;;1
01/09/2021;05:24:00;14;Acidente com morte;201,5;BR-393/RJ;Crescente;Tombamento;1;0;;;;1;3
02/09/2021;00:23:00;1;Acidente sem vítima;130,199;BR-393/RJ;Crescente;Acidentes de outra natureza;1;5;;;;;1
03/09/2021;20:29:00;67;Acidente com vítima;266;BR-393/RJ;Crescente;Colisão lateral no mesmo sentido;1;1;1;;;;1
06/09/2021;09:51:00;21;Acidente com vítima;236;BR-393/RJ;Decrescente;Colisão lateral no mesmo sentido;1;0;4;;;;1
14/09/2021;21:30:00;69;Acidente com vítima;103,799;BR-393/RJ;Decrescente;Colisão lateral no mesmo sentido;1;1;;1;;;2
15/09/2021;07:52:00;27;Acidente sem vítima;134,9;BR-393/RJ;Decrescente;Colisão com veículos (frontal);1;1;;1;;;2
15/09/2021;11:58:00;52;Acidente sem vítima;187,001;BR-393/RJ;Crescente;Colisão lateral no mesmo sentido;1;2;;;;;1
16/09/2021;02:30:00;7;Acidente com vítima;235,4;BR-393/RJ;Crescente;Acidentes de outra natureza;1;1;2;1;;;2
16/09/2021;14:58:00;51;Acidente com vítima;274;BR-393/RJ;Crescente;Tombamento;3;1;;2;;;2
17/09/2021;14:05:00;38;Acidente sem vítima;236,699;BR-393/RJ;Decrescente;Colisão c/ obstáculos;1;1;;;;;1
24/09/2021;19:29:00;65;Acidente com vítima;145,8;BR-393/RJ;Decrescente;Tombamento;2;1;1;;;;1
28/09/2021;18:31:00;57;Acidente com vítima;111;BR-393/RJ;Decrescente;Colisão lateral no mesmo sentido;1;4;;1;;;2
29/09/2021;16:51:00;46;Acidente sem vítima;107,2;BR-393/RJ;Crescente;Colisão com veículos (traseira);2;2;;;;;1
30/09/2021;01:41:00;7;Acidente sem vítima;168,5;BR-393/RJ;Crescente;Colisão c/ obstáculos;1;1;;;;;1
01/10/2021;14:53:00;53;Acidente com vítima;175,699;BR-393/RJ;Decrescente;Colisão com veículos (traseira);1;2;1;;;;1
01/10/2021;18:54:00;67;Acidente com vítima;242,3;BR-393/RJ;Crescente;Colisão com veículos (frontal);1;0;4;1;2;;2
01/10/2021;23:15:00;76;Acidente com morte;273,1;BR-393/RJ;Crescente;Colisão com veículos (frontal);1;0;1;;;1;3
02/10/2021;01:02:00;4;Acidente sem vítima;246;BR-393/RJ;Crescente;Saídas de pista;1;3;;;;;1
03/10/2021;21:42:00;63;Acidente sem vítima;265;BR-393/RJ;Decrescente;Colisão lateral no mesmo sentido;1;3;;;;;1
04/10/2021;16:08:00;52;Acidente com vítima;103;BR-393/RJ;Crescente;Engavetamento;2;0;3;1;;;2
05/10/2021;16:42:00;59;Acidente sem vítima;125,7;BR-393/RJ;Decrescente;Colisão com veículos (traseira);1;2;;;;;1
16/10/2021;22:29:00;55;Acidente com vítima;213;BR-393/RJ;Crescente;Saídas de pista;1;0;1;;;;1
18/10/2021;14:43:00;53;Acidente com vítima;226;BR-393/RJ;Crescente;Tombamento;1;0;1;;;;1
19/10/2021;02:48:00;13;Acidente sem vítima;263,4;BR-393/RJ;Crescente;Atropelamento de animais;1;1;;;;;1
20/10/2021;03:34:00;11;Acidente com vítima;197,5;BR-393/RJ;Crescente;Colisão c/ obstáculos;1;0;1;;;;1
21/10/2021;05:27:00;16;Acidente sem vítima;249,1;BR-393/RJ;Crescente;Colisão lateral no sentido contrário;1;3;;;;;1
24/10/2021;12:18:00;36;Acidente com vítima;136,5;BR-393/RJ;Crescente;Colisão com veículos (frontal);1;0;1;1;1;;2
26/10/2021;07:54:00;24;Acidente com vítima;282;BR-393/RJ;Crescente;Engavetamento;1;1;4;;;;1
27/10/2021;14:54:00;50;Atropelamento sem morte;218,6;BR-393/RJ;Crescente;Atropelamento de pedestre;1;0;1;;1;;2
29/10/2021;13:46:00;41;Acidente sem vítima;124;BR-393/RJ;Crescente;Colisão com veículos (traseira);1;5;;;;;1
30/10/2021;13:02:00;38;Acidente sem vítima;250,9;BR-393/RJ;Decrescente;Colisão com veículos (traseira);1;3;;;;;1
31/10/2021;02:16:00;8;Acidente com morte;172,2;BR-393/RJ;Crescente;Colisão c/ obstáculos;1;0;1;;;1;3
01/11/2021;08:16:00;18;Acidente com vítima;151,8;BR-393/RJ;Crescente;Tombamento;1;0;1;;;;1
02/11/2021;16:25:00;69;Acidente com vítima;200,199;BR-393/RJ;Decrescente;Acidentes de outra natureza;1;2;1;;;;1
05/11/2021;21:51:00;63;Acidente com vítima;239,6;BR-393/RJ;Crescente;Colisão lateral no sentido contrário;1;1;2;;;;1
06/11/2021;00:04:00;1;Atropelamento com morte;141,5;BR-393/RJ;Decrescente;Atropelamento de pedestre;1;1;;;;1;3
06/11/2021;10:08:00;26;Acidente com vítima;147,599;BR-393/RJ;Decrescente;Colisão c/ obstáculos;1;0;1;;;;1
07/11/2021;11:59:00;30;Acidente com vítima;223,5;BR-393/RJ;Decrescente;Colisão com veículos (frontal);1;0;;2;1;;2
07/11/2021;11:59:00;33;Acidente sem vítima;222,5;BR-393/RJ;Decrescente;Colisão com veículos (traseira);1;2;;;;;1
07/11/2021;19:47:00;42;Acidente com vítima;134,4;BR-393/RJ;Crescente;Colisão lateral no sentido contrário;1;1;;2;;;2
09/11/2021;21:28:00;66;Acidente sem vítima;145,099;BR-393/RJ;Decrescente;Saídas de pista;1;0;1;;;;1
11/11/2021;11:51:00;43;Acidente sem vítima;2,5;Alça Sul;Decrescente;Acidentes de outra natureza;1;3;;;;;1
11/11/2021;22:03:00;70;Acidente sem vítima;226,3;BR-393/RJ;Decrescente;Saídas de pista;1;2;;;;;1
13/11/2021;07:02:00;17;Acidente sem vítima;195,5;BR-393/RJ;Decrescente;Saídas de pista;1;1;;;;;1
13/11/2021;11:52:00;39;Acidente com vítima;259;BR-393/RJ;Decrescente;Colisão com veículos (traseira);2;1;1;;;;1
18/11/2021;15:18:00;59;Acidente com vítima;181,4;BR-393/RJ;Crescente;Acidentes de outra natureza;1;0;1;;;;1
19/11/2021;08:01:00;14;Acidente com vítima;145,8;BR-393/RJ;Crescente;Colisão lateral no sentido contrário;1;1;1;;1;;2
19/11/2021;08:04:00;15;Acidente sem vítima;268,399;BR-393/RJ;Crescente;Colisão lateral no mesmo sentido;1;5;;;;;1
21/11/2021;13:59:00;47;Acidente com vítima;273,899;BR-393/RJ;Crescente;Tombamento;1;0;;;1;;2
23/11/2021;11:27:00;43;Acidente com vítima;110,2;BR-393/RJ;Decrescente;Tombamento;1;0;1;;;;1
27/11/2021;06:46:00;20;Acidente com vítima;214,8;BR-393/RJ;Decrescente;Tombamento;1;0;6;1;;;2
30/11/2021;16:48:00;66;Acidente sem vítima;133;BR-393/RJ;Decrescente;Colisão com veículos (frontal);1;4;;;;;1
30/11/2021;20:02:00;79;Acidente sem vítima;254;BR-393/RJ;Decrescente;Colisão lateral no sentido contrário;1;4;;;;;1
01/12/2021;11:01:00;50;Acidente com vítima;121,7;BR-393/RJ;Crescente;Tombamento;1;0;1;;;;1
02/12/2021;19:20:00;61;Acidente com vítima;167,6;BR-393/RJ;Crescente;Colisão com veículos (traseira);1;2;1;;;;1
03/12/2021;13:42:00;58;Acidente com vítima;140,9;BR-393/RJ;Crescente;Acidentes de outra natureza;1;1;;;1;;2
04/12/2021;07:47:00;15;Acidente com vítima;131,4;BR-393/RJ;Decrescente;Tombamento;1;0;;1;;;2
06/12/2021;11:50:00;33;Acidente com vítima;226,9;BR-393/RJ;Crescente;Colisão c/ obstáculos;1;0;2;;;;1
08/12/2021;15:40:00;63;Acidente sem vítima;277;BR-393/RJ;Decrescente;Colisão lateral no mesmo sentido;1;2;;;;;1
09/12/2021;10:45:00;46;Acidente com vítima;262,3;BR-393/RJ;Crescente;Colisão lateral no mesmo sentido;2;1;1;;;;1
10/12/2021;08:33:00;16;Acidente com vítima;240,099;BR-393/RJ;Crescente;Colisão lateral no mesmo sentido;1;1;1;;;;1
10/12/2021;09:37:00;20;Acidente com vítima;233,8;BR-393/RJ;Crescente;Saídas de pista;1;0;1;;;;1
11/12/2021;08:12:00;26;Acidente com vítima;124,001;BR-393/RJ;Decrescente;Tombamento;1;0;;1;;;2
13/12/2021;08:17:00;28;Acidente sem vítima;131,4;BR-393/RJ;Crescente;Tombamento;1;1;;;;;1
13/12/2021;19:07:00;82;Acidente sem vítima;265;BR-393/RJ;Crescente;Colisão com veículos (traseira);1;2;;;;;1
15/12/2021;09:39:00;48;Acidente com morte;209;BR-393/RJ;Decrescente;Colisão lateral no sentido contrário;3;0;4;;;1;3
16/12/2021;04:39:00;9;Acidente com vítima;117,3;BR-393/RJ;Decrescente;Colisão c/ obstáculos;1;0;1;;;;1
17/12/2021;17:37:00;90;Acidente sem vítima;235,099;BR-393/RJ;Crescente;Colisão lateral no mesmo sentido;1;2;;;;;1
17/12/2021;18:52:00;96;Acidente com morte;129,3;BR-393/RJ;Crescente;Colisão com veículos (frontal);1;1;;;;1;3
17/12/2021;19:26:00;98;Acidente com morte;200;BR-393/RJ;Crescente;Colisão com veículos (frontal);1;1;;;;1;3
20/12/2021;04:48:00;24;Acidente com vítima;103,7;BR-393/RJ;Decrescente;Saídas de pista;1;0;1;;;;1
22/12/2021;09:17:00;25;Acidente com morte;237,199;BR-393/RJ;Decrescente;Colisão com veículos (frontal);2;3;;;2;1;3
24/12/2021;02:55:00;8;Acidente sem vítima;132,099;BR-393/RJ;Decrescente;Colisão c/ obstáculos;1;1;;;;;1
31/12/2021;08:49:00;24;Acidente sem vítima;274;BR-393/RJ;Decrescente;Colisão c/ obstáculos;1;2;;;;;1
31/12/2021;11:30:00;28;Acidente sem vítima;256,8;BR-393/RJ;Decrescente;Saídas de pista;1;1;;;;;1
07/01/2022;12:05:00;59;Acidente com vítima;229,4;BR-393/RJ;Crescente;Colisão lateral no mesmo sentido;1;0;4;;;;1
09/01/2022;06:57:00;32;Acidente com vítima;272;BR-393/RJ;Crescente;Saídas de pista;1;0;2;;;;1
09/01/2022;08:45:00;39;Acidente sem vítima;155;BR-393/RJ;Crescente;Colisão com veículos (traseira);1;2;;;;;1
10/01/2022;06:20:00;24;Acidente com vítima;265;BR-393/RJ;Decrescente;Colisão com veículos (traseira);1;0;2;;;;1
15/01/2022;06:19:00;15;Acidente com vítima;273,9;BR-393/RJ;Crescente;Tombamento;1;0;;1;;;2
16/01/2022;23:21:00;80;Acidente com vítima;251;BR-393/RJ;Crescente;Colisão com veículos (traseira);1;1;2;;;;1
18/01/2022;07:49:00;16;Acidente com vítima;175,7;BR-393/RJ;Decrescente;Colisão com veículos (traseira);1;2;2;;;;1
21/01/2022;03:24:00;8;Acidente sem vítima;246,199;BR-393/RJ;Crescente;Saídas de pista;1;1;;;;;1
25/01/2022;14:51:00;45;Acidente com vítima;138,699;BR-393/RJ;Decrescente;Colisão c/ obstáculos;1;2;1;4;;;2
25/01/2022;17:39:00;57;Acidente sem vítima;135;BR-393/RJ;Crescente;Colisão com veículos (traseira);1;2;;;;;1
27/01/2022;21:15:00;75;Acidente sem vítima;238,5;BR-393/RJ;Decrescente;Acidentes de outra natureza;1;2;;;;;1
27/01/2022;23:08:00;78;Acidente sem vítima;265;BR-393/RJ;Decrescente;Colisão com veículos (traseira);2;6;;;;;1
28/01/2022;14:28:00;37;Acidente com morte;224,3;BR-393/RJ;Decrescente;Colisão com veículos (frontal);1;0;1;;;1;3
29/01/2022;13:46:00;58;Acidente sem vítima;284,9;BR-393/RJ;Decrescente;Colisão lateral no mesmo sentido;1;3;;;;;1
02/02/2022;08:12:00;30;Acidente com vítima;151,8;BR-393/RJ;Crescente;Tombamento;1;0;1;;;;1
03/02/2022;08:31:00;37;Acidente sem vítima;285,4;BR-393/RJ;Crescente;Engavetamento;1;3;;;;;1
03/02/2022;09:34:00;43;Acidente sem vítima;282,6;BR-393/RJ;Decrescente;Colisão com veículos (traseira);1;3;;;;;1
03/02/2022;10:06:00;45;Acidente com vítima;155,6;BR-393/RJ;Decrescente;Tombamento;1;0;1;;;;1
03/02/2022;15:50:00;69;Acidente com morte;157,5;BR-393/RJ;Crescente;Colisão com veículos (frontal);1;0;1;;;1;3
05/02/2022;06:08:00;14;Acidente sem vítima;211;BR-393/RJ;Crescente;Saídas de pista;1;0;1;;;;1
06/02/2022;02:30:00;6;Acidente sem vítima;281,1;BR-393/RJ;Decrescente;Colisão com veículos (traseira);1;2;;;;;1
07/02/2022;14:48:00;46;Acidente sem vítima;274,7;BR-393/RJ;Crescente;Colisão com veículos (traseira);1;3;;;;;1
09/02/2022;11:04:00;39;Acidente com vítima;273,2;BR-393/RJ;Crescente;Colisão lateral no sentido contrário;1;2;;1;;;2
12/02/2022;03:53:00;10;Acidente com morte;281,199;BR-393/RJ;Decrescente;Colisão com veículos (frontal);1;1;;;;1;3
15/02/2022;02:48:00;3;Acidente com vítima;121,2;BR-393/RJ;Crescente;Saídas de pista;1;0;1;;;;1
15/02/2022;08:54:00;23;Acidente sem vítima;265,1;BR-393/RJ;Crescente;Colisão lateral no mesmo sentido;1;2;;;;;1
15/02/2022;12:23:00;34;Acidente sem vítima;284,2;BR-393/RJ;Crescente;Colisão lateral no mesmo sentido;1;2;;;;;1
17/02/2022;08:58:00;17;Acidente com vítima;155,599;BR-393/RJ;Decrescente;Tombamento;1;0;1;;;;1
22/02/2022;09:58:00;32;Acidente com vítima;184,92;BR-393/RJ;Crescente;Colisão lateral no sentido contrário;1;1;1;;;;1
22/02/2022;15:58:00;60;Acidente sem vítima;256;BR-393/RJ;Crescente;Colisão com veículos (traseira);1;1;2;;;;1
23/02/2022;15:08:00;58;Acidente com vítima;237,099;BR-393/RJ;Decrescente;Colisão lateral no sentido contrário;1;1;1;;;;1
25/02/2022;18:51:00;73;Acidente sem vítima;248,8;BR-393/RJ;Crescente;Colisão lateral no mesmo sentido;1;2;;;;;1
04/03/2022;13:28:00;42;Acidente com morte;249,099;BR-393/RJ;Crescente;Colisão lateral no sentido contrário;3;7;3;;;1;3
04/03/2022;21:47:00;71;Acidente sem vítima;102;BR-393/RJ;Decrescente;Colisão lateral no mesmo sentido;1;2;;;;;1
05/03/2022;14:04:00;42;Acidente com vítima;124,599;BR-393/RJ;Decrescente;Tombamento;1;0;1;;;;1
11/03/2022;07:26:00;17;Acidente com vítima;178,599;BR-393/RJ;Decrescente;Colisão lateral no mesmo sentido;1;1;1;2;;;2
17/03/2022;20:53:00;48;Acidente com vítima;258;BR-393/RJ;Decrescente;Colisão lateral no sentido contrário;1;1;;1;;;2
18/03/2022;08:05:00;21;Acidente sem vítima;258;BR-393/RJ;Decrescente;Colisão lateral no mesmo sentido;1;2;;;;;1
18/03/2022;12:23:00;34;Acidente com vítima;206,199;BR-393/RJ;Crescente;Colisão lateral no mesmo sentido;1;0;1;1;;;2
19/03/2022;15:21:00;39;Acidente sem vítima;122;BR-393/RJ;Crescente;Colisão com veículos (traseira);2;2;;;;;1
26/03/2022;09:08:00;19;Acidente com vítima;132,9;BR-393/RJ;Decrescente;Colisão com veículos (traseira);1;2;;1;;;2
26/03/2022;18:53:00;39;Acidente sem vítima;187,6;BR-393/RJ;Crescente;Saídas de pista;1;1;;;;;1
01/04/2022;05:52:00;15;Acidente com vítima;254,699;BR-393/RJ;Crescente;Colisão c/ obstáculos;1;1;;1;;;2
06/04/2022;08:34:00;20;Acidente com vítima;114;BR-393/RJ;Decrescente;Tombamento;1;0;;1;;;2
06/04/2022;10:31:00;27;Acidente sem vítima;282;BR-393/RJ;Decrescente;Engavetamento;3;3;;;;;1
08/04/2022;20:11:00;58;Acidente sem vítima;238;BR-393/RJ;Crescente;Acidentes de outra natureza;1;5;;;;;1
10/04/2022;11:47:00;21;Acidente com vítima;114;BR-393/RJ;Decrescente;Tombamento;1;0;1;;;;1
11/04/2022;00:57:00;3;Acidente sem vítima;162,099;BR-393/RJ;Decrescente;Tombamento;1;2;;;;;1
11/04/2022;08:42:00;25;Acidente com vítima;133,8;BR-393/RJ;Crescente;Engavetamento;1;8;1;;;;1
23/04/2022;14:16:00;42;Acidente com vítima;140,8;BR-393/RJ;Crescente;Acidentes de outra natureza;1;1;;;1;;2
24/04/2022;06:39:00;18;Acidente com morte;122,2;BR-393/RJ;Decrescente;Saídas de pista;1;0;;;;1;3
29/04/2022;18:34:00;65;Acidente com vítima;285,3;BR-393/RJ;Decrescente;Colisão com veículos (traseira);1;2;1;;;;1
30/04/2022;14:23:00;30;Acidente com vítima;276,4;BR-393/RJ;Crescente;Acidentes de outra natureza;1;4;1;;;;1
02/05/2022;07:56:00;17;Acidente com vítima;239,3;BR-393/RJ;Crescente;Colisão com veículos (frontal);1;1;;1;;;2
04/05/2022;17:25:00;57;Acidente com vítima;279;BR-393/RJ;Crescente;Colisão com veículos (traseira);1;1;2;;;;1
09/05/2022;06:52:00;16;Acidente com vítima;238,4;BR-393/RJ;Decrescente;Acidentes de outra natureza;1;2;2;1;;;2
09/05/2022;11:42:00;36;Acidente sem vítima;122,599;BR-393/RJ;Crescente;Tombamento;1;1;;;;;1
11/05/2022;16:03:00;43;Acidente com vítima;151,8;BR-393/RJ;Crescente;Tombamento;1;0;1;;;;1
11/05/2022;17:55:00;48;Acidente sem vítima;282,399;BR-393/RJ;Decrescente;Colisão com veículos (traseira);1;3;;;;;1
12/05/2022;12:41:00;43;Acidente com vítima;168,599;BR-393/RJ;Decrescente;Colisão com veículos (traseira);1;0;4;;;;1
18/05/2022;08:43:00;19;Acidente sem vítima;124,4;BR-393/RJ;Decrescente;Tombamento;1;1;;;;;1
18/05/2022;09:48:00;24;Acidente com vítima;286;BR-393/RJ;Decrescente;Colisão c/ obstáculos;1;2;;1;;;2
20/05/2022;07:35:00;15;Acidente com vítima;133;BR-393/RJ;Decrescente;Acidentes de outra natureza;1;3;1;;;;1
20/05/2022;12:38:00;30;Acidente sem vítima;238,501;BR-393/RJ;Decrescente;Acidentes de outra natureza;1;6;;;;;1
23/05/2022;08:08:00;21;Acidente com vítima;209,9;BR-393/RJ;Decrescente;Colisão com veículos (traseira);2;1;2;;;;1
25/05/2022;14:48:00;31;Acidente com vítima;114;BR-393/RJ;Decrescente;Tombamento;1;0;1;;;;1
26/05/2022;04:12:00;11;Acidente com vítima;218,4;BR-393/RJ;Decrescente;Colisão com veículos (frontal);1;0;1;;2;;2
27/05/2022;10:46:00;28;Acidente sem vítima;243,4;BR-393/RJ;Crescente;Colisão com veículos (traseira);3;3;;;;;1
28/05/2022;07:06:00;18;Acidente com vítima;121,5;BR-393/RJ;Decrescente;Tombamento;1;0;;1;;;2
01/06/2022;03:58:00;13;Acidente sem vítima;170,9;BR-393/RJ;Decrescente;Saídas de pista;1;1;;;;;1
05/06/2022;07:01:00;13;Acidente com vítima;142,6;BR-393/RJ;Decrescente;Colisão lateral no sentido contrário;1;2;2;;;;1
06/06/2022;06:16:00;18;Acidente com morte;256,6;BR-393/RJ;Crescente;Colisão com veículos (frontal);1;0;1;;;1;3