data;horario;n_da_ocorrencia;tipo_de_ocorrencia;km;trecho;sentido;tipo_de_acidente;caminhao;ilesos;levemente_feridos;moderadamente_feridos;gravemente_feridos;mortos;3
12/06/2022;13:16:00;37;Acidente com vítima;168,2;BR-393/RJ;Decrescente;Colisão com veículos (traseira);1;1;;1;;;2
13/06/2022;13:05:00;36;Acidente com vítima;162,099;BR-393/RJ;Decrescente;Tombamento;1;0;1;;;;1
15/06/2022;06:38:00;19;Acidente com vítima;221,099;BR-393/RJ;Decrescente;Tombamento;1;0;1;;;;1
15/06/2022;13:42:00;40;Acidente com vítima;281,199;BR-393/RJ;Crescente;Colisão com veículos (traseira);1;1;2;;;;1
17/06/2022;06:19:00;13;Acidente com vítima;182;BR-393/RJ;Crescente;Colisão lateral no mesmo sentido;1;2;1;;;;1
17/06/2022;14:52:00;32;Acidente com vítima;286,001;BR-393/RJ;Decrescente;Acidentes de outra natureza;1;1;1;;;;1
17/06/2022;17:33:00;37;Acidente sem vítima;284,899;BR-393/RJ;Decrescente;Colisão lateral no mesmo sentido;1;3;;;;;1
21/06/2022;18:29:00;52;Acidente sem vítima;268,1;BR-393/RJ;Decrescente;Colisão lateral no mesmo sentido;1;2;;;;;1
23/06/2022;13:06:00;41;Acidente com vítima;2,1;BR-393/RJ;Crescente;Acidentes de outra natureza;1;1;1;;;;1
23/06/2022;16:58:00;47;Acidente sem vítima;282,6;BR-393/RJ;Crescente;Colisão com veículos (traseira);1;2;;;;;1
24/06/2022;07:34:00;19;Acidente sem vítima;168,6;BR-393/RJ;Decrescente;Tombamento;1;1;;;;;1
25/06/2022;05:13:00;13;Acidente sem vítima;103,6;BR-393/RJ;Crescente;Tombamento;1;1;;;;;1
25/06/2022;07:04:00;17;Acidente sem vítima;252,099;BR-393/RJ;Decrescente;Engavetamento;1;4;;;;;1
25/06/2022;10:21:00;25;Acidente com vítima;162,099;BR-393/RJ;Decrescente;Tombamento;1;0;;;1;;2
26/06/2022;22:07:00;43;Acidente sem vítima;129,199;BR-393/RJ;Crescente;Atropelamento de animais;1;1;;;;;1
27/06/2022;13:48:00;41;Acidente sem vítima;284,199;BR-393/RJ;Decrescente;Colisão com veículos (traseira);1;2;;;;;1
29/06/2022;04:07:00;10;Acidente sem vítima;120,599;BR-393/RJ;Crescente;Saídas de pista;1;1;;;;;1
30/06/2022;04:44:00;14;Acidente sem vítima;203,3;BR-393/RJ;Decrescente;Colisão com veículos (traseira);3;4;;;;;1
30/06/2022;05:45:00;15;Acidente com vítima;285,001;BR-393/RJ;Crescente;Acidentes de outra natureza;1;1;;;1;;2
01/07/2022;16:30:00;44;Acidente sem vítima;195;BR-393/RJ;Decrescente;Atropelamento de pedestre;1;3;;;;;1
04/07/2022;04:29:00;16;Acidente com vítima;143,698;BR-393/RJ;Crescente;Colisão com veículos (frontal);1;0;1;;;;1
04/07/2022;18:17:00;50;Acidente sem vítima;273,899;BR-393/RJ;Crescente;Colisão lateral no sentido contrário;1;2;;;;;1
05/07/2022;08:25:00;28;Acidente com vítima;266,3;BR-393/RJ;Crescente;Acidentes de outra natureza;2;8;1;;;;1
08/07/2022;08:57:00;26;Acidente sem vítima;177,699;BR-393/RJ;Crescente;Colisão com veículos (traseira);3;4;;;;;1
08/07/2022;10:03:00;28;Acidente sem vítima;212,099;BR-393/RJ;Decrescente;Capotamento;2;2;;;;;1
11/07/2022;10:29:00;33;Acidente com morte;138,1;BR-393/RJ;Crescente;Acidentes de outra natureza;2;0;;;1;1;3
15/07/2022;11:54:00;31;Acidente sem vítima;154,8;BR-393/RJ;Decrescente;Colisão lateral no mesmo sentido;1;3;;;;;1
17/07/2022;10:29:00;19;Acidente com vítima;177,699;BR-393/RJ;Decrescente;Colisão com veículos (traseira);1;1;1;;;;1
18/07/2022;13:42:00;36;Acidente sem vítima;255;BR-393/RJ;Crescente;Acidentes de outra natureza;1;3;;;;;1
19/07/2022;10:46:00;31;Acidente sem vítima;195;BR-393/RJ;Decrescente;Colisão lateral no sentido contrário;1;3;;;;;1
20/07/2022;06:43:00;19;Acidente sem vítima;122,2;BR-393/RJ;Decrescente;Colisão com veículos (frontal);1;3;;;;;1
20/07/2022;13:29:00;44;Acidente com vítima;102,7;BR-393/RJ;Decrescente;Acidentes de outra natureza;1;0;1;;2;;2
24/07/2022;16:13:00;50;Acidente sem vítima;163,5;BR-393/RJ;Crescente;Saídas de pista;1;1;;;;;1
29/07/2022;09:42:00;22;Acidente com vítima;114,2;BR-393/RJ;Decrescente;Tombamento;1;0;3;1;;;2
29/07/2022;18:23:00;49;Acidente sem vítima;191;BR-393/RJ;Decrescente;Colisão c/ obstáculos;1;4;;;;;1
04/08/2022;14:44:00;33;Acidente com vítima;263,6;BR-393/RJ;Decrescente;Tombamento;1;0;1;1;;;2
04/08/2022;19:23:00;47;Acidente com vítima;143,699;BR-393/RJ;Decrescente;Tombamento;1;0;1;;;;1
05/08/2022;09:29:00;24;Acidente sem vítima;232,199;BR-393/RJ;Crescente;Colisão com veículos (traseira);1;4;;;;;1
06/08/2022;06:34:00;20;Acidente com vítima;114,2;BR-393/RJ;Crescente;Colisão c/ obstáculos;1;0;1;;;;1
11/08/2022;01:32:00;6;Acidente com vítima;163,95;BR-393/RJ;Crescente;Tombamento;1;0;1;;;;1
11/08/2022;19:10:00;61;Acidente com vítima;176;BR-393/RJ;Decrescente;Colisão com veículos (traseira);1;1;1;;;;1
12/08/2022;04:40:00;12;Acidente sem vítima;189;BR-393/RJ;Decrescente;Atropelamento de animais;1;1;;;;;1
13/08/2022;12:59:00;32;Acidente sem vítima;256;BR-393/RJ;Crescente;Colisão com veículos (traseira);1;5;;;;;1
16/08/2022;07:51:00;21;Acidente sem vítima;264,3;BR-393/RJ;Decrescente;Colisão lateral no mesmo sentido;1;3;;;;;1
18/08/2022;17:05:00;61;Acidente sem vítima;175;BR-393/RJ;Decrescente;Tombamento;1;1;;;;;1
20/08/2022;14:54:00;33;Acidente sem vítima;231;BR-393/RJ;Crescente;Acidentes de outra natureza;1;2;;;;;1
23/08/2022;10:49:00;29;Acidente sem vítima;179,9;BR-393/RJ;Crescente;Colisão lateral no mesmo sentido;2;2;;;;;1
28/08/2022;05:00:00;15;Acidente com vítima;164,75;BR-393/RJ;Decrescente;Tombamento;1;0;2;;;;1
30/08/2022;22:56:00;67;Atropelamento com morte;146;BR-393/RJ;Crescente;Atropelamento de pedestre;1;0;;;;1;3
31/08/2022;19:22:00;70;Acidente com vítima;279,9;BR-393/RJ;Crescente;Colisão com veículos (traseira);1;1;;1;;;2
01/09/2022;02:24:00;11;Acidente sem vítima;259,3;BR-393/RJ;Crescente;Atropelamento de animais;1;1;;;;;1
01/09/2022;17:15:00;59;Acidente com vítima;126,299;BR-393/RJ;Crescente;Engavetamento;3;0;4;;;;1
04/09/2022;22:26:00;41;Acidente com vítima;187,3;BR-393/RJ;Crescente;Colisão lateral no mesmo sentido;1;1;1;;;;1
05/09/2022;14:02:00;41;Acidente com vítima;151,8;BR-393/RJ;Crescente;Tombamento;1;0;;1;;;2
06/09/2022;16:46:00;45;Acidente com vítima;237,099;BR-393/RJ;Crescente;Acidentes de outra natureza;1;1;;1;;;2
08/09/2022;08:09:00;21;Acidente com vítima;253,9;BR-393/RJ;Crescente;Saídas de pista;1;0;1;;;;1
13/09/2022;19:17:00;54;Acidente sem vítima;284,3;BR-393/RJ;Decrescente;Colisão com veículos (traseira);1;2;;;;;1
14/09/2022;03:13:00;12;Acidente com morte;177,8;BR-393/RJ;Crescente;Colisão com veículos (traseira);2;3;2;;;1;3
14/09/2022;06:23:00;15;Acidente com vítima;204;BR-393/RJ;Decrescente;Tombamento;1;0;1;;;;1
15/09/2022;19:17:00;63;Acidente sem vítima;253;BR-393/RJ;Crescente;Colisão lateral no mesmo sentido;1;2;;;;;1
16/09/2022;09:26:00;23;Acidente com vítima;257,9;BR-393/RJ;Decrescente;Acidentes de outra natureza;1;1;;1;;;2
16/09/2022;15:56:00;42;Acidente sem vítima;139,4;BR-393/RJ;Decrescente;Colisão c/ obstáculos;1;3;;;;;1
19/09/2022;16:10:00;48;Acidente sem vítima;105,9;BR-393/RJ;Decrescente;Colisão com veículos (traseira);2;3;;;;;1
22/09/2022;08:29:00;15;Acidente sem vítima;281;BR-393/RJ;Crescente;Colisão com veículos (traseira);1;2;;;;;1
23/09/2022;11:11:00;44;Acidente sem vítima;231,8;BR-393/RJ;Crescente;Colisão com veículos (traseira);1;1;1;;;;1
26/09/2022;22:00:00;71;Acidente com vítima;135,3;BR-393/RJ;Decrescente;Engavetamento;1;3;1;;;;1
26/09/2022;22:23:00;72;Acidente com vítima;164,75;BR-393/RJ;Decrescente;Saídas de pista;1;0;1;;;;1
27/09/2022;16:11:00;42;Acidente sem vítima;171,6;BR-393/RJ;Crescente;Saídas de pista;1;1;;;;;1
30/09/2022;11:15:00;43;Acidente sem vítima;256,8;BR-393/RJ;Crescente;Acidentes de outra natureza;1;5;;;;;1
30/09/2022;15:19:00;72;Acidente sem vítima;142;BR-393/RJ;Decrescente;Colisão com veículos (traseira);1;2;;;;;1
01/10/2022;02:55:00;20;Acidente sem vítima;284,199;BR-393/RJ;Decrescente;Engavetamento;1;4;;;;;1
02/10/2022;16:51:00;52;Acidente com vítima;174,3;BR-393/RJ;Decrescente;Acidentes de outra natureza;1;1;2;;;;1
05/10/2022;20:06:00;65;Acidente com vítima;115;BR-393/RJ;Crescente;Colisão lateral no sentido contrário;1;1;1;1;;;2
07/10/2022;14:52:00;46;Acidente com vítima;229,5;BR-393/RJ;Crescente;Colisão com veículos (traseira);2;1;1;;;;1
09/10/2022;17:07:00;56;Acidente sem vítima;233;BR-393/RJ;Crescente;Colisão lateral no mesmo sentido;1;2;;;;;1
09/10/2022;18:51:00;61;Acidente com vítima;253;BR-393/RJ;Crescente;Tombamento;1;0;1;;;;1
09/10/2022;19:47:00;63;Acidente com morte;271,9;BR-393/RJ;Decrescente;Colisão com veículos (frontal);1;0;1;;1;1;3
11/10/2022;23:20:00;74;Acidente sem vítima;265;BR-393/RJ;Crescente;Colisão com veículos (traseira);1;2;;;;;1
14/10/2022;10:29:00;29;Acidente com vítima;263;BR-393/RJ;Crescente;Acidentes de outra natureza;1;1;;1;;;2
17/10/2022;06:04:00;16;Acidente sem vítima;266,5;BR-393/RJ;Decrescente;Colisão lateral no sentido contrário;1;2;;;;;1
17/10/2022;14:58:00;42;Acidente sem vítima;210,199;BR-393/RJ;Decrescente;Colisão lateral no mesmo sentido;1;1;2;;;;1
18/10/2022;04:43:00;15;Acidente sem vítima;230,599;BR-393/RJ;Crescente;Atropelamento de animais;1;2;;;;;1
19/10/2022;00:24:00;1;Acidente com vítima;172,499;BR-393/RJ;Crescente;Tombamento;1;0;1;;;;1
22/10/2022;09:07:00;22;Acidente com vítima;173,9;BR-393/RJ;Crescente;Colisão lateral no sentido contrário;1;1;1;;;;1
22/10/2022;10:10:00;26;Acidente sem vítima;174;BR-393/RJ;Crescente;Colisão com veículos (traseira);1;3;;;;;1
24/10/2022;07:06:00;18;Acidente sem vítima;218,599;BR-393/RJ;Decrescente;Colisão com veículos (traseira);2;2;;;;;1
27/10/2022;03:22:00;11;Acidente com vítima;203,199;BR-393/RJ;Crescente;Colisão lateral no sentido contrário;2;2;1;;;;1
29/10/2022;09:59:00;20;Acidente sem vítima;125;BR-393/RJ;Decrescente;Colisão com veículos (traseira);2;1;1;;;;1
01/11/2022;08:38:00;18;Acidente sem vítima;252,3;BR-393/RJ;Decrescente;Colisão lateral no mesmo sentido;1;2;;;;;1
01/11/2022;18:02:00;44;Acidente com vítima;263,9;BR-393/RJ;Decrescente;Tombamento;1;0;1;2;;;2
04/11/2022;09:32:00;23;Acidente com vítima;282;BR-393/RJ;Crescente;Colisão com veículos (traseira);1;1;1;;;;1
05/11/2022;10:19:00;25;Acidente com vítima;167;BR-393/RJ;Decrescente;Engavetamento;1;1;3;;;;1
05/11/2022;10:28:00;43;Acidente com vítima;167;BR-393/RJ;Crescente;Colisão lateral no sentido contrário;1;0;2;;;;1
10/11/2022;08:51:00;26;Acidente com vítima;274;BR-393/RJ;Decrescente;Tombamento;1;0;1;;;;1
10/11/2022;17:37:00;58;Acidente com vítima;265;BR-393/RJ;Decrescente;Colisão com veículos (traseira);1;2;;;;;1
12/11/2022;20:08:00;78;Acidente com vítima;136,9;BR-393/RJ;Crescente;Colisão com veículos (traseira);1;3;1;;;;1
13/11/2022;21:00:00;53;Acidente com vítima;231,9;BR-393/RJ;Decrescente;Colisão com veículos (traseira);1;2;;;;;1
15/11/2022;06:30:00;21;Acidente com vítima;155,5;BR-393/RJ;Decrescente;Tombamento;1;1;1;;;;1
17/11/2022;07:00:00;23;Acidente com vítima;216;BR-393/RJ;Decrescente;Tombamento;1;0;;1;;;2
18/11/2022;04:44:00;8;Acidente com vítima;139,5;BR-393/RJ;Decrescente;Tombamento;1;0;;1;;;2
19/11/2022;11:09:00;28;Acidente com vítima;266;BR-393/RJ;Decrescente;Colisão lateral no mesmo sentido;1;2;1;;;;1
20/11/2022;16:00:00;68;Acidente com vítima;167,4;BR-393/RJ;Decrescente;Colisão com veículos (traseira);1;1;5;;;;1
21/11/2022;13:51:00;43;Acidente com vítima;103,644;BR-393/RJ;Decrescente;Colisão com veículos (traseira);1;0;2;1;;;2
22/11/2022;13:50:00;42;Acidente com vítima;281;BR-393/RJ;Crescente;Colisão com veículos (traseira);1;3;;;;;1
22/11/2022;14:53:00;50;Acidente com vítima;210;BR-393/RJ;Decrescente;Colisão lateral no mesmo sentido;1;1;2;;;;1
23/11/2022;16:46:00;49;Acidente com vítima;179;BR-393/RJ;Decrescente;Colisão lateral no mesmo sentido;1;3;1;;;;1
24/11/2022;19:32:00;48;Acidente com vítima;108,4;BR-393/RJ;Decrescente;Colisão com veículos (traseira);1;5;;;;;1
29/11/2022;13:32:00;51;Acidente com vítima;263,8;BR-393/RJ;Decrescente;Colisão lateral no mesmo sentido;3;3;;3;;;2
30/11/2022;03:28:00;14;Acidente com vítima;180,099;BR-393/RJ;Decrescente;Colisão lateral no mesmo sentido;1;1;1;;;;1
30/11/2022;18:46:00;54;Acidente com vítima;181,5;BR-393/RJ;Decrescente;Colisão com veículos (frontal);1;2;4;;;;1
02/12/2022;10:41:00;34;Acidente sem vítima;167,8;BR-393/RJ;Decrescente;Acidentes de outra natureza;1;2;;;;;1
11/12/2022;05:14:00;16;Acidente com vítima;229,001;BR-393/RJ;Decrescente;Tombamento;1;0;1;;;;1
11/12/2022;09:06:00;25;Acidente com vítima;146,3;BR-393/RJ;Decrescente;Tombamento;1;0;1;;;;1
12/12/2022;15:34:00;48;Acidente com vítima;284,199;BR-393/RJ;Decrescente;Engavetamento;1;10;1;;;;1
13/12/2022;15:38:00;55;Acidente sem vítima;274,699;BR-393/RJ;Decrescente;Colisão lateral no mesmo sentido;1;2;;;;;1
14/12/2022;09:48:00;25;Acidente com vítima;268;BR-393/RJ;Decrescente;Acidentes de outra natureza;1;1;;2;;;2
14/12/2022;11:33:00;33;Acidente com vítima;155,599;BR-393/RJ;Decrescente;Tombamento;1;0;1;;;;1
15/12/2022;08:57:00;31;Acidente com morte;265,5;BR-393/RJ;Decrescente;Colisão com veículos (frontal);1;0;1;;;1;3
15/12/2022;18:54:00;66;Acidente sem vítima;123,5;BR-393/RJ;Decrescente;Tombamento;1;1;;;;;1
16/12/2022;07:51:00;17;Acidente com vítima;171,7;BR-393/RJ;Decrescente;Acidentes de outra natureza;1;1;2;;;;1
16/12/2022;09:59:00;29;Acidente sem vítima;146,3;BR-393/RJ;Decrescente;Colisão lateral no mesmo sentido;1;3;;;;;1
17/12/2022;02:34:00;13;Acidente sem vítima;157;BR-393/RJ;Decrescente;Saídas de pista;1;1;;;;;1
17/12/2022;06:06:00;16;Acidente sem vítima;231,6;BR-393/RJ;Decrescente;Colisão lateral no mesmo sentido;1;4;;;;;1
18/12/2022;13:52:00;33;Acidente sem vítima;178,8;BR-393/RJ;Decrescente;Colisão com veículos (traseira);2;2;;;;;1
22/12/2022;16:13:00;65;Acidente com vítima;114;BR-393/RJ;Decrescente;Tombamento;1;0;3;;;;1
22/12/2022;18:33:00;73;Acidente com vítima;266;BR-393/RJ;Decrescente;Colisão com veículos (frontal);1;1;;;1;;2
26/12/2022;04:58:00;12;Acidente sem vítima;280;BR-393/RJ;Decrescente;Colisão com veículos (traseira);2;2;;;;;1
27/12/2022;17:16:00;57;Acidente sem vítima;167,599;BR-393/RJ;Decrescente;Colisão com veículos (traseira);1;0;3;;;;1
30/12/2022;21:35:00;64;Acidente sem vítima;151,8;BR-393/RJ;Crescente;Colisão c/ obstáculos;1;0;1;;;;1
08/01/2023;19:44:00;90;Acidente com morte;252,9;BR-393/RJ;Decrescente;Colisão c/ obstáculos;1;1;;;;;1
09/01/2023;06:57:00;23;Acidente com morte;272,899;BR-393/RJ;Decrescente;Colisão lateral no sentido contrário;1;4;;1;;;2
10/01/2023;10:08:00;26;Acidente com morte;201,8;BR-393/RJ;Decrescente;Colisão c/ obstáculos;1;0;1;;;;1
10/01/2023;16:54:00;64;Acidente com morte;277,1;BR-393/RJ;Decrescente;Tombamento;1;1;;;;;1
11/01/2023;00:03:00;1;Acidente com morte;223,4;BR-393/RJ;Decrescente;Tombamento;1;0;;1;;;2
13/01/2023;10:43:00;45;Acidente com morte;281,3;BR-393/RJ;Decrescente;Colisão com veículos (frontal);1;1;;1;;;2
14/01/2023;13:41:00;55;Acidente com morte;266;BR-393/RJ;Decrescente;Colisão lateral no mesmo sentido;1;2;;;;;1
24/01/2023;02:45:00;2;Acidente com morte;138,199;BR-393/RJ;Decrescente;Tombamento;1;0;1;;;;1
25/01/2023;16:04:00;81;Acidente com morte;265;BR-393/RJ;Decrescente;Colisão lateral no mesmo sentido;2;3;;;;;1
26/01/2023;12:10:00;47;Acidente com morte;182,4;BR-393/RJ;Decrescente;Colisão lateral no mesmo sentido;1;3;3;;;;1
27/01/2023;17:48:00;65;Acidente com morte;279,699;BR-393/RJ;Decrescente;Engavetamento;1;7;;;;;1
31/01/2023;04:50:00;23;Acidente com vítima;151,8;BR-393/RJ;Crescente;Tombamento;1;0;;1;;;2
01/02/2023;10:14:00;48;Acidente sem vítima;284,3;BR-393/RJ;Crescente;Colisão com veículos (traseira);1;5;;;;;1
04/02/2023;14:55:00;40;Acidente sem vítima;265;BR-393/RJ;Decrescente;Colisão com veículos (traseira);1;6;;;;;1
06/02/2023;06:43:00;23;Acidente com vítima;274,8;BR-393/RJ;Decrescente;Saídas de pista;1;1;;1;;;2
06/02/2023;17:30:00;59;Acidente com vítima;184;BR-393/RJ;Decrescente;Colisão lateral no mesmo sentido;1;2;1;;;;1
08/02/2023;17:41:00;61;Atropelamento com morte;153,699;BR-393/RJ;Crescente;Atropelamento de pedestre;1;0;1;;;1;3
10/02/2023;21:36:00;75;Acidente com vítima;141,8;BR-393/RJ;Crescente;Colisão com veículos (traseira);1;1;1;;;;1
10/02/2023;22:20:00;76;Acidente com vítima;200,199;BR-393/RJ;Crescente;Acidentes de outra natureza;1;0;1;;2;;2
15/02/2023;11:21:00;41;Acidente sem vítima;168,9;BR-393/RJ;Crescente;Acidentes de outra natureza;1;4;;;;;1
17/02/2023;05:22:00;18;Acidente com vítima;176;BR-393/RJ;Decrescente;Engavetamento;2;0;3;1;;;2
17/02/2023;11:45:00;51;Acidente sem vítima;282,399;BR-393/RJ;Decrescente;Colisão com veículos (traseira);1;3;;;;;1
17/02/2023;17:06:00;77;Acidente com vítima;135,9;BR-393/RJ;Decrescente;Colisão com veículos (traseira);1;2;2;;;;1
22/02/2023;16:35:00;63;Acidente com vítima;235,099;BR-393/RJ;Crescente;Acidentes de outra natureza;1;4;;1;;;2
23/02/2023;19:15:00;68;Acidente com vítima;2;Alça Sul;Crescente;Colisão lateral no mesmo sentido;1;1;;1;;;2
25/02/2023;16:36:00;45;Acidente sem vítima;241;BR-393/RJ;Decrescente;Colisão c/ obstáculos;1;1;;;;;1
27/02/2023;11:52:00;34;Acidente com vítima;182,4;BR-393/RJ;Decrescente;Acidentes de outra natureza;1;0;1;1;;;2
27/02/2023;14:59:00;40;Acidente sem vítima;265;BR-393/RJ;Decrescente;Colisão com veículos (traseira);1;2;;;;;1
28/02/2023;23:33:00;52;Acidente com vítima;137;BR-393/RJ;Decrescente;Colisão com veículos (traseira);1;1;;1;;;2
01/03/2023;07:55:00;18;Acidente sem vítima;195;BR-393/RJ;Decrescente;Colisão com veículos (traseira);2;2;;;;;1
05/03/2023;19:02:00;55;Acidente sem vítima;108;BR-393/RJ;Decrescente;Colisão lateral no mesmo sentido;1;2;;;;;1
08/03/2023;14:58:00;49;Acidente sem vítima;244,599;BR-393/RJ;Decrescente;Colisão lateral no mesmo sentido;1;2;;;;;1
09/03/2023;12:27:00;58;Acidente sem vítima;155,699;BR-393/RJ;Crescente;Saídas de pista;1;1;;;;;1
09/03/2023;15:52:00;71;Acidente sem vítima;280;BR-393/RJ;Crescente;Colisão com veículos (traseira);1;5;;;;;1
10/03/2023;08:37:00;31;Acidente com vítima;169,699;BR-393/RJ;Crescente;Tombamento;1;0;1;;;;1
11/03/2023;06:49:00;18;Acidente com vítima;264;BR-393/RJ;Decrescente;Colisão lateral no sentido contrário;1;1;2;;;;1
11/03/2023;14:51:00;54;Acidente sem vítima;281,199;BR-393/RJ;Decrescente;Colisão com veículos (traseira);1;2;;;;;1
16/03/2023;08:17:00;19;Acidente sem vítima;180,4;BR-393/RJ;Crescente;Colisão lateral no mesmo sentido;1;5;;;;;1
18/03/2023;09:49:00;21;Acidente sem vítima;282,3;BR-393/RJ;Decrescente;Engavetamento;2;5;;;;;1
22/03/2023;14:37:00;50;Acidente com vítima;2,3;Alça Sul;Crescente;Acidentes de outra natureza;1;3;2;;;;1
24/03/2023;18:50:00;69;Acidente sem vítima;171,5;BR-393/RJ;Crescente;Colisão lateral no mesmo sentido;1;3;;;;;1
25/03/2023;08:11:00;22;Acidente com vítima;138,199;BR-393/RJ;Decrescente;Tombamento;1;0;;1;;;2
27/03/2023;06:45:00;18;Acidente com vítima;239,3;BR-393/RJ;Crescente;Colisão lateral no sentido contrário;1;0;3;1;1;;2
27/03/2023;12:10:00;42;Acidente sem vítima;148,5;BR-393/RJ;Decrescente;Colisão c/ obstáculos;1;2;;;;;1
30/03/2023;05:16:00;15;Acidente sem vítima;184,4;BR-393/RJ;Crescente;Atropelamento de animais;1;0;1;;;;1
30/03/2023;09:07:00;27;Acidente com vítima;217,599;BR-393/RJ;Crescente;Colisão com veículos (traseira);1;0;2;;;;1
30/03/2023;14:51:00;49;Acidente com vítima;243,9;BR-393/RJ;Crescente;Tombamento;1;0;;2;;;2
05/11/2021;22:13:36;63;Com vítima;239,600;BR-393/RJ;Decrescente;Colisão lateral em sentido contrário;1;1;0;0;0;0;1
09/11/2021;21:50:52;66;Com vítima;145,990;BR-393/RJ;Crescente;Saída de pista;1;0;1;0;0;0;1
11/11/2021;12:08:35;43;Com vítima;2,500;Alça Sul (Estrada União Indústria)/RJ;Crescente;Colisão transversal;1;1;0;0;0;0;1
13/11/2021;12:48:16;39;Sem vítima;259,000;BR-393/RJ;Decrescente;Colisão traseira;1;0;0;0;0;0;1
19/11/2021;08:49:35;15;Sem vítima;268,399;BR-393/RJ;Decrescente;Colisão lateral no mesmo sentido;1;0;0;0;0;0;1
19/11/2021;08:55:55;14;Sem vítima;145,800;BR-393/RJ;Crescente;Colisão lateral em sentido contrário;1;0;0;0;0;0;1
30/11/2021;20:06:01;79;Sem vítima;254,000;BR-393/RJ;Crescente;Colisão lateral em sentido contrário;1;1;0;0;0;0;1
01/12/2021;11:30:21;50;Sem vítima;121,700;BR-393/RJ;Crescente;Tombamento;1;0;0;0;0;0;1
20/05/2022;12:49:13;30;Sem vítima;238,501;BR-393/RJ;Decrescente;Colisão transversal;1;0;0;0;0;0;1
23/08/2022;10:54:58;29;Sem vítima;179,900;BR-393/RJ;Crescente;Colisão lateral no mesmo sentido;1;0;0;0;0;0;1
24/04/2023;11:48:28;44;Sem vítima;167,600;BR-393/RJ;Crescente;Choque;1;0;0;0;0;0;1